,data_hora,url,titulo,texto,aberturaDiaAnterior,fechamentoDiaAnterior,aberturaDiaAtual,fechamentoDiaAtual,aberturaDiaSeguinte,fechamentoDiaSeguinte,abertura2Dias,fechamento2Dias
24,2023-07-07 13:44:00,https://br.investing.com/news/general/tese-de-investimentos-bradesco-bbdc4-ate-quando-a-inadimplencia-sera-um-risco-1129769,Tese de Investimentos Bradesco (BBDC4): Até quando a inadimplência será um risco?,"['Investing.com - Um tradicional banco brasileiro que enfrenta os reflexos de aperto na economia. O Bradesco (BVMF:BBDC4) tenta driblar as incertezas e um balanço considerado preocupante. Qual é o cenário atual para a ação? Qual foi o impacto da Americanas (BVMF:AMER3) na instituição? Inadimplência continua sendo um risco? E a margem financeira, como fica? Estes são alguns dos os temas debatidos no Tese de Investimentos desta semana.', 'O episódio conta com análises de André Marinho, analista-chefe do TC Matrix, Bernardo Guttmann, da XP (BVMF:XPBR31) e Larissa Quaresma da Empiricus Research.', 'LEIA MAIS:Bradesco (BBDC4): Continuidade da pressão na inadimplência preocupa analistas', 'O banco informou que o lucro recorrente foi de R$ 1,6 bilhão no quarto trimestre, o que representa um recuo de 75,9% na comparação com o mesmo período do ano anterior e de 69,5% em relação ao terceiro trimestre. Os dados foram afetados pela provisão extra de R$4,9 bilhões para cobrir a exposição da Americanas. No ano como um todo, o lucro líquido recorrente foi de R$20,680 bilhões, abaixo dos R$26,215 bilhões de 2021.', ""Com um cenário complexo e desafiador, o Bradesco, segundo maior banco privado do país, trouxe um resultado indigesto e oscila entre elevações de ratings e revisões entre analistas. Previsões do banco para 2023 mostraram que o pior ainda não ficou para trás. Avaliando o cenário como um todo, Larissa Quaresma, da Empiricus, afirma que o resultado foi considerado 'bem fraco' Mas que poderia ter sido pior."", '""O resultado foi pressionado pelo aumento da inadimplência. Na verdade, ele foi \'ajudado\' por conta de uma alíquota de imposto de renda menor. Se a gente normalizasse [essa alíquota], estimamos que o resultado poderia ser pior ainda. A gente espera que cada vez mais a inadimplência será pressionada pelas grandes empresas e cada vez menos pelas pessoas físicas"", explica a analista.', 'Já para Bernardo Guttmann, analista da XP, o resultado apresentado pelo banco teve pontos que acenderam uma luz amarela e que a instituição está sendo mais conservadora. ""A velocidade da detoriação da qualidade do crédito chamou a atenção no último balanço"", completa.', 'Em fevereiro, o Bradesco fez uma provisão extra de 4,9 bilhões de reais para cobrir toda sua exposição à Americanas, o que levou o banco a uma forte queda no lucro do quarto trimestre. André Marinho, analista-chefe do TC Matrix afirma que todo cenário de crise impactou negativamente os dados apresentados pelo banco.', 'ANÁLISE: Após balanço ruim, o que esperar das ações do Bradesco?', '""A ação apresentou um cenário um pouco neutro e os resultados não vão ser muito bons em relação à rentabilidade passada apresentada, mas virá melhor que os trimestres anteriores, onde o banco foi impactado pelo caso Americanas. A tendência é que isso melhore, mas a inadimplência continua no radar"", acrescentou.', 'Guttman e Marinho mantiveram uma posição neutra para a tese de Bradesco. Já Larissa, da Empiricus, opta por seguir outra estratégia e apostar em Itaú (BVMF:ITUB4), por ser considerada com melhor performance para a Empiricus Research.', 'A média de estimativas compiladas pelo InvestingPro é um preço-justo de R$ 22,76. Além disso, a ação tem grau de incerteza média.']",1.1699999570846558,1.1399999856948853,1.149999976158142,1.159999966621399,1.159999966621399,1.1299999952316284,1.159999966621399,1.1299999952316284
23,2023-07-11 21:05:00,https://br.investing.com/news/stock-market-news/protecao-da-americanas-contra-cobrancas-de-credores-e-prorrogada-em-180-dias-1130892,Proteção da Americanas contra cobranças de credores é prorrogada em 180 dias,"['SÃO PAULO (Reuters) - A 4ª Vara Empresarial do Estado do Rio de Janeiro deferiu o pedido da Americanas (BVMF:AMER3) para prorrogar o prazo de proteção contra cobranças de credores por mais 180 dias, informou a varejista em fato relevante nesta terça-feira.', '', 'Com isso, permanecem suspensas todas as ações e execuções existentes contra o grupo, assim como a exigibilidade dos créditos concursais, disse a empresa.', 'O prazo adicional é contabilizado a partir do término do ""stay period"" concedido no momento do deferimento do pedido de recuperação judicial da Americanas.', '\xa0', '(Reportagem de Patricia Vilas Boas)']",1.1299999952316284,1.1399999856948853,1.159999966621399,1.1399999856948853,1.149999976158142,1.1299999952316284,1.1299999952316284,1.1200000047683716
22,2023-07-14 11:29:00,https://br.investing.com/news/stock-market-news/varejistas-em-queda-com-dados-do-comercio-de-maio-fracos-1131893,Varejistas em queda com dados do comércio de maio fracos,"['Investing.com – Ações de varejistas apresentavam queda na manhã desta sexta-feira, 14, após dados fracos para o comércio brasileiro.', 'Às 11h21 (de Brasília), os papéis da Magazine Luiza (BVMF:MGLU3) perdiam 1,33%, a R$2,99, enquanto os da Via (BVMF:VIIA3) estavam em queda de 1,03%, a R$1,93 e os da Americanas (BVMF:AMER3) em retração de 0,89%, a R$1,12.', 'As ações da Renner (BVMF:LREN3) apresentavam baixa de 1,90%, a R$18,10, e Grupo Soma (BVMF:SOMA3) registrava desvalorização de 0,82%, a R$10,86.', 'Os BDRs do Mercado Livre (NASDAQ:MELI) (BVMF:MELI34) recuavam 0,91%, a R$45,58.', 'Dados do Instituto Brasileiro de Geografia e Estatística (IBGE) divulgados hoje mostram que o volume de vendas do comércio varejista recuou 1,0% em maio frente a abril, na série com ajuste sazonal. A média móvel trimestral atingiu -0,1%, apontou o instituto.', 'CONFIRA: Calendário Econômico do Investing.com', 'O comércio varejista apresentou retração de 1,0% em relação ao mesmo mês do ano passado, sendo esta a primeira taxa negativa após nove meses de altas. No acumulado no ano, o indicador totalizou 1,3%. Já o acumulado nos últimos 12 meses atingiu 0,8%.', 'Para os economistas do PicPay Marco Caruso e Igor Cadilhac, o número veio pior do que o esperado. “No próximo mês, o volume de vendas do varejo doméstico deve ser impulsionado pelo início do programa de incentivo aos carros populares. Ainda assim, olhando à frente, o cenário é desafiador para o comércio, que enfrenta um crédito caro e o alto comprometimento da renda das famílias”, afirmam. Ainda assim, os economistas ponderam que é preciso verificar as consequências do programa de renegociação de dívidas Desenrola e um eventual estímulo sobre os produtos eletrodomésticos.', '\n', '', ' ']",1.149999976158142,1.1299999952316284,1.1299999952316284,1.1200000047683716,1.1200000047683716,1.1299999952316284,1.1200000047683716,1.1299999952316284
21,2023-07-18 08:40:00,https://br.investing.com/news/stock-market-news/americanas-diz-nao-ter-recebido-anuencia-da-pwc-ate-1707-para-trocar-auditoria-independente-1132687,Americanas diz não ter recebido anuência da PwC até 17/07 para trocar auditoria independente,"['A Americanas (BVMF:AMER3) informou que solicitou manifestação da PricewaterhouseCoopers Auditores Independentes (PwC) sobre anuência para trocar o auditor independente da companhia, da PwC para a BDO RCS Auditores Independentes Sociedade Simples Limitada (BDO), mas que não recebeu resposta até a última segunda-feira, 17.', 'Segundo a varejista, após decisão do conselho de administração de mudar o auditor independente, em 27 de junho, a Americanas enviou correspondência à PwC, na qual informou os motivos que levaram a companhia a tomar a referida decisão. ""Desde então, a companhia e a PwC trocaram correspondências sobre o tema e a Americanas solicitou a manifestação da PwC sobre sua anuência, não tendo, contudo, recebido resposta até a presente data"", afirma comunicado ao mercado.', 'A Americanas ainda afirma que a decisão de substituir o auditor independente ""não antecipa qualquer juízo de valor a respeito do trabalho da PwC até aqui, mas visa tão somente permitir que as demonstrações financeiras auditadas da Americanas sejam finalizadas e divulgadas adequadamente"". Com isso, a BDO deve executar a auditoria das demonstrações financeiras do exercício de 2022 e o refazimento de demonstrações financeiras do exercício social de 2021, bem como a revisão das demonstrações financeiras do exercício social iniciado em janeiro de 2023.']",1.1200000047683716,1.1299999952316284,1.1399999856948853,1.1299999952316284,1.1200000047683716,1.1200000047683716,1.1200000047683716,1.1100000143051147
20,2023-07-21 16:23:00,https://br.investing.com/news/stock-market-news/brasil-tem-onda-de-recuperacao-judicial-com-calote-de-mais-de-r-100-bilhoes-1134371,Brasil tem onda de recuperação judicial com calote de mais de R$ 100 bilhões,"['O número de recuperação judicial no Brasil chegou a 593 pedidos no primeiro semestre deste ano - avanço de 52,1% em relação a igual período de 2022. Trata-se do maior volume em três anos, segundo dados do Serasa Experian (LON:EXPN). A tendência é que esse número continue crescendo mesmo se houver um afrouxamento da política monetária do Banco Central.', 'O período foi marcado por pedidos de recuperação judicial com dívidas bilionárias, como aconteceu com Americanas (BVMF:AMER3), Light (BVMF:LIGT3), Oi (BVMF:OIBR3), Grupo Petrópolis, Raiola, Nexpre e Avibrás, que somam dívidas de mais de R$ 100 bilhões. O resultado é reflexo de um cenário em que as empresas tiveram de conviver tanto com o fim dos programas governamentais durante a pandemia e o vencimento de dívidas renegociadas no passado pelos bancos com juros altos (Selic de 13,75%, a maior desde 2017).', 'A negociação com os bancos endureceu no começo deste ano, não só devido ao caso da Americanas, mas também ao custo dos empréstimos, estimados por analistas na casa dos 19% ao ano. Isso jogou várias empresas para a esfera judicial para manter seus negócios.', 'Na visão de Luiz Rabi, economista-chefe do Serasa Experian, o aumento do endividamento das empresas é resultado do cenário macroeconômico e da rápida subida do juro de 2% para 13,75% ao ano, o que não só encareceu o crédito corporativo, como também causou fuga de investidores da Bolsa.', 'O setor de serviços foi o que mais sofreu. Cerca de 44% dos pedidos do primeiro semestre foram desse segmento. ""É a principal área onde tem ocorrido a maioria dos casos de recuperação judicial, até por ter sido o mais prejudicado pela pandemia"", afirma Rabi.', 'A quantidade de falências de empresas também chegou ao maior patamar desde 2019, atingindo 546 no primeiro semestre deste ano. Segundo o Serasa, os setores mais afetados foram, respectivamente, serviços (220), indústria (172) e comércio (150). Dentre as falências, a maioria foi de micro e pequenas empresas (303), depois médias empresas (129) e, por fim, grandes empresas (114).']",1.1200000047683716,1.1100000143051147,1.1200000047683716,1.1299999952316284,1.1299999952316284,1.1299999952316284,1.1299999952316284,1.1299999952316284
19,2023-07-24 07:43:00,https://br.investing.com/news/economy/carteira-de-credito-deve-crescer-06-em-junho-ante-maio-deste-ano-aponta-febraban-1134757,"Carteira de crédito deve crescer 0,6% em junho ante maio deste ano, aponta Febraban","['A carteira de crédito do Sistema Financeiro Nacional (SFN) deve crescer 0,6% em junho na comparação com maio, de acordo com a Pesquisa Especial de Crédito da Federação Brasileira de Bancos (Febraban). O desempenho deve ser impulsionado pelo crédito às empresas, com alta de 1%.', 'A carteira de recursos livres para empresas deve ter o maior crescimento, de 1,2%, enquanto a direcionada deve crescer 0,5%. A entidade afirma que além da sazonalidade positiva de linhas de crédito ligadas ao fluxo de caixa das companhias, a carteira deve mostrar uma normalização após o baque dos eventos Americanas (BVMF:AMER3) e Light (BVMF:LIGT3), no primeiro trimestre.', 'As operações para pessoas físicas devem crescer 0,3% no mês, com queda de 0,2% em relação a maio no crédito livre, e alta de 0,9% no direcionado. Este último deve ser puxado pelo crédito imobiliário, enquanto a inadimplência e o alto endividamento das famílias devem pesar sobre a carteira livre.', 'Em relação a junho do ano passado, a alta do saldo da carteira de crédito deve ser de 9,3%, uma desaceleração em relação aos 10,4% registrados em maio.', 'Segundo a Febraban, será a primeira vez em 35 meses que o crescimento do crédito no País será de um dígito na comparação anual. O período inclui a pandemia da covid-19, em que programas emergenciais impulsionaram o crédito às empresas, e o retorno da economia após a vacinação, que elevou a concessão de crédito para o consumo.', '""Essa trajetória de recuo gradual do ritmo de expansão do saldo em 12 meses está em linha com a nossa expectativa"", afirma o diretor de Economia, Regulação e Riscos da Febraban, Rubens Sardenberg. ""No caso de pessoa física, esgotados os efeitos da recuperação após a pandemia, os números estão se ajustando ao nível dos juros e ao menor crescimento da economia.""']",1.1299999952316284,1.1299999952316284,1.1299999952316284,1.1299999952316284,1.1299999952316284,1.149999976158142,1.149999976158142,1.149999976158142
18,2023-07-27 16:03:00,https://br.investing.com/news/stock-market-news/americanas-demite-14-mil-funcionarios-em-uma-semana-como-parte-de-reestruturacao-1136848,"Americanas demite 1,4 mil funcionários em uma semana como parte de reestruturação","['A Americanas (BVMF:AMER3) teve 1.404 trabalhadores desligados na semana de 17 a 24 de julho, segundo relatório divulgado pela empresa. O número total de funcionários no dia 23 era de 35,7 mil. Os desligamentos contemplam tanto profissionais demitidos quanto aqueles que pediram demissão e fazem parte do plano de reestruturação da companhia.', 'Desta vez, uma parte relevante dos funcionários demitidos eram de áreas ligadas a tecnologia, como desenvolvedores, designers de produtos e especialistas em experiência do usuário.', 'A companhia informou também que houve o encerramento de uma loja em Mato Grosso do Sul no período. O número total de lojas do dia 23 foi de 1.825.', 'O relatório também mencionava que o total de pagamentos realizados na semana somou R$ 356 milhões; já o total de recebimentos somou R$ 344 milhões.', 'Em nota, a Americanas informou que, ""diante da reestruturação de algumas frentes de negócio a partir de seu plano de transformação, realizou o desligamento de colaboradores"". A companhia acrescentou que ""segue com foco na manutenção de suas operações e no aumento de sua eficiência"".', '""A Americanas reforça seu comprometimento com a transparência na relação com os sindicatos, mantendo-os informados dos movimentos de reestruturação, assim como garante o cumprimento integral e tempestivo de suas obrigações trabalhistas, na forma da legislação vigente"", disse a companhia.', 'Após a descoberta de um rombo contábil de R$ 20 bilhões e a admissão posterior de fraude de resultados, a empresa está em processo de revisão de seus números. A falta de informações de qualidade sobre o passado e o presente da companhia tem atrapalhado a venda de ativos e também foi apontada como objeção ao plano de recuperação judicial pelo banco Bradesco (BVMF:BBDC4).']",1.149999976158142,1.1299999952316284,1.1299999952316284,1.1299999952316284,1.1299999952316284,1.1299999952316284,1.1299999952316284,1.1299999952316284
17,2023-08-02 15:39:00,https://br.investing.com/news/stock-market-news/americanas-depoimentos-de-kpmg-e-pwc-corroboram-evidencias-de-fraude-da-antiga-gestao-1139408,Americanas: depoimentos de KPMG e PWC corroboram evidências de fraude da antiga gestão,"['A Americanas (BVMF:AMER3) afirmou em nota na tarde desta quarta-feira, 2, entender que os depoimentos das auditorias KPMG e PWC na Comissão Parlamentar de Inquérito (CPI) da Câmara dos Deputados, que investiga o rombo de mais de R$ 20 bilhões da companhia, corroboraram evidências de fraude de gestão cometida pela antiga diretoria da companhia', '""As informações prestadas na sessão desta terça demonstram que as auditorias não classificaram deficiências como significativas e que não encontraram distorções relevantes nos números auditados. A empresa reitera as informações e documentos apresentados à CPI em 13 de junho de 2023, com indícios de que ex-executivos fraudaram resultados financeiros e enviaram dados adulterados a bancos e auditorias"", diz a companhia.', 'A Americanas reafirma ainda que ""o relatório apresentado à CPI, preparado pelos advogados da companhia, que inclui documentos recebidos do Comitê Independente de Investigação, é preliminar e foi entregue às autoridades competentes, que realizam suas próprias investigações"".']",1.1299999952316284,1.1200000047683716,1.1299999952316284,1.1100000143051147,1.1100000143051147,1.1100000143051147,1.100000023841858,1.1100000143051147
16,2023-08-05 05:41:00,https://br.investing.com/news/technology-news/mercado-livre-lanca-servico-gratuito-para-disputar-espaco-no-streaming-1140887,Mercado Livre lança serviço gratuito para disputar espaço no streaming,"['Depois de dominar o setor de varejo online, se aventurar pelo mundo das contas digitais, oferecer maquininhas de cartão e serviços logísticos, o Mercado Livre (NASDAQ:MELI) se prepara para desbravar um segmento novo: o de streaming de vídeo. O gigante do e-commerce lançará sua própria ""Netflix (NASDAQ:NFLX)"", uma plataforma gratuita de vídeos no Brasil e em outros países da América Latina. O serviço funcionará no aplicativo de celular e no site da companhia.', 'Fora do País, o ""Mercado Play"" também estará disponível na Argentina, no Chile, na Colômbia, no Equador, no México, no Peru e no Uruguai. Em breve, a plataforma deve ser lançada nos demais países em que o e-commerce opera.', 'Para iniciar a operação, a plataforma oferecerá um catálogo com seis mil horas de conteúdo, entre filmes, séries, documentários, reality shows e outros produtos de audiovisual. Além do conteúdo gratuito, os usuários do Mercado Livre também terão à disposição os catálogos de parceiras do e-commerce, como Disney+, Star+, Max e Paramount+.', 'O vice-presidente de entretenimento do Mercado Livre, Luiz Barros, conta que a ideia de criar um streaming próprio ganhou força a partir da constatação de que um grupo significativo de pessoas na América Latina não assina ainda nenhum tipo de plataforma de conteúdo pago. ""Nosso foco é atingir essa parcela da população e ser uma opção para elas no dia a dia"", diz.', 'Para o professor de varejo da FGV Ulysses Reis, a nova frente de negócios do Mercado Livre coloca o e-commerce à frente de concorrentes brasileiros - como Magalu, Via e Americanas (BVMF:AMER3) - e posiciona o gigante argentino mais próximo de nomes como a americana Amazon (NASDAQ:AMZN), que fez o mesmo movimento rumo ao conteúdo no passado recente.', 'De acordo com o último balanço do Mercado Livre, atualmente a companhia tem 148 milhões de usuários ativos em toda a América Latina, dos quais aproximadamente 76 milhões são do Brasil. Para efeito de comparação, o novo serviço estreia na região com mais da metade do número total da Netflix, que já opera em cerca de 100 países no globo e tem 238 milhões de assinantes.', 'O serviço de streaming gratuito começa a ser liberado para a base de clientes a partir da próxima quarta-feira. A única exigência é que esse cliente tenha um cadastro na nova rede. A expectativa da companhia argentina é de que o serviço esteja disponível para 100% dos usuários até o fim de agosto, tanto no Brasil quanto nos demais países em que o serviço será lançado.']",1.1299999952316284,1.1100000143051147,1.1100000143051147,1.1100000143051147,1.100000023841858,1.1100000143051147,1.100000023841858,1.1100000143051147
15,2023-08-10 17:12:00,https://br.investing.com/news/stock-market-news/ibovespa-perde-folego-e-mantem-sinal-negativo-em-agosto-pressionado-por-vale-1143769,Ibovespa perde fôlego e mantém sinal negativo em agosto pressionado por Vale,"['Por Paula Arend Laier', ""SÃO PAULO (Reuters) - O Ibovespa fechou com um declínio modesto nesta quinta-feira, mas registrando a oitava sessão consecutiva de queda, perdendo fôlego na segunda etapa do pregão com a piora de Vale, em mais um dia repleto de resultados corporativos, com Grupo Soma (BVMF:SOMA3) e Rede D'Or (BVMF:RDOR3) entre as maiores perdas e Azul e Hapvida na ponta positiva."", 'Índice de referência do mercado acionário brasileiro, o Ibovespa caiu 0,05%, a 118.349,6 pontos. Na máxima, chegou a 119.438,15 pontos. No pior momento, cedeu a 118.112,68 pontos. O volume financeiro somou 23,7 bilhões de reais.', 'A última vez em que o Ibovespa recuou por oito sessões foi em junho do ano passado. Mais do que isso, apenas em fevereiro de 1995, quando fechou em baixa por nove pregões seguidos.', 'A correção de baixa ocorre após quatro meses de alta, em que o Ibovespa contabilizou um ganho de quase 17%, e acompanha o movimento dos investidores estrangeiros na bolsa paulista. Até o dia 8, o saldo de capital externo estava negativo de 5,5 bilhões de reais em agosto, sem considerar dados de ofertas de ações. ""Com diversos balanços sendo divulgados, investidores podem estar ajustando suas posições, enquanto vivemos um período de indefinição sobre o cenário econômico brasileiro"", disse o analista da Terra Investimentos Luis Novaes, acrescentando que o andamento das reformas até o momento já foi embutido nos preço.', 'Além dos novos balanços e dados econômicos, acrescentou, o mercado deve estar observando o andamento da situação fiscal no Brasil e uma sinalização mais clara sobre a trajetória dos juros, para atingir patamares maiores de valorização.', 'Novaes ainda ressaltou que as expectativas são baixas quanto a um impulso econômico no exterior, o que afeta negativamente a visão do investidor estrangeiro quanto aos mercados emergentes.', 'Nesta sessão, dados de preços ao consumidor nos Estados Unidos também ocuparam as atenções, apoiando apostas de que o Federal Reserve pode não mudar os juros em setembro. Mas eles foram insuficientes para manter o fôlego em Nova York, com o S&P 500 fechando quase estável.', '- AZUL PN (BVMF:AZUL4) saltou 9,83%, a 18,22 reais, após reportar prejuízo líquido ajustado de 567 milhões de reais no segundo trimestre, menor que o resultado negativo de 721 milhões sofrido no mesmo período do ano passado. Em termos operacionais, o Ebitda somou 1,16 bilhão de reais entre abril e o final de junho, salto de cerca de 88% sobre o desempenho de um ano antes. A margem no período evoluiu de 15,7% para 27,1%. A alavancagem medida pela relação dívida líquida sobre Ebitda despencou de 5,2 vezes para 4,2 vezes. No setor, GOL (BVMF:GOLL4) PN subiu 6,27%.', '- BRASKEM PNA (BVMF:BRKM5) disparou 6,84%, a 24,99 reais, conforme segue vulnerável a notícias envolvendo venda de participação relevante na companhia.', '- HAPVIDA ON (BVMF:HAPV3) saltou 6,05%, a 5,26 reais, mesmo após queda de 8% no lucro líquido ajustado do segundo trimestre ano a ano, para 221,6 milhões de reais. Na base trimestral, porém, a operadora de saúde teve um resultado 571% maior. O Ebitda ajustado avançou 4,1% na comparação ano a ano e a receita líquida subiu 12,4%. Analistas do Itaú BBA avaliaram positivamente o balanço e eleogiaram o compromisso da empresa com a implementação de aumentos de preços para seus planos corporativos, apesar da pressão sobre o crescimento orgânico no curto prazo.', '- GRUPO SOMA ON afundou 7,68%, a 9,98 reais, após a dona de marcas como Animale, Farm e Hering (BVMF:HGTX3) reportar queda de 21,9% no lucro líquido ajustado do segundo trimestre. A receita líquida subiu 7,4%, mas a margem bruta caiu 1,8 ponto percentual, para 57,5%. Na teleconferência sobre o balanço, segundo relato de analistas do Citi, a empresa indicou que a tendência positiva de vendas observada em junho continuou em julho. No entanto, acrescentaram, a administração preferiu não aumentar as expectativas sobre o trimestre ainda, que é afetado por remarcações. No setor, LOJAS RENNER ON (BVMF:LREN3) valorizou-se 2,3%.', ""- REDE D'OR ON caiu 4,92%, a 32,27 reais, após divulgar lucro líquido de 435,4 milhões de reais no segundo trimestre, alta de 21,5%. Em teleconferência sobre o resultados, executivos da rede de hospitais afirmaram que conversas sobre aquisições começam a ganhar mais tração. Também veem espaço para expansão de margem e tíquetes crescendo acima da inflação nos próximos trimestre."", '- ULTRAPAR ON (BVMF:UGPA3) fechou em baixa de 3,5%, a 18,5 reais, com o balanço do segundo trimestre mostrando lucro líquido de 239 milhões de reais no segundo trimestre, enquanto o Ebitda ajustadou somou 964 milhões de reais. Analistas do Goldman Sachs (NYSE:GS) afirmaram que os resultados do conglomerado foram mais fracos do que o esperado, afetados principalmente por uma margem Ebitda menor na Ipiranga devido a um cenário de excesso de oferta.', '- BANCO DO  BRASIL ON  (BVMF:BBAS3) subiu 0,51%, a 46,97 reais, após reportar lucro líquido ajustado de 8,79 bilhões de reais no segundo trimestre, avanço de 11,7% ano a ano, apesar do aumento de provisões. Também revisou estimativas para o ano, incluindo a projeção de crescimento de sua carteira de crédito, para o intervalo de 9% a 13%, de 8% a 12% anteriormente, e elevou nível de risco de crédito de Americanas (BVMF:AMER3). Em teleconferência sobre o resultado, executivos do banco disseram estar vendo o segundo semestre como ""bastante favorável"" para a implementação de sua estratégia de crescimento no crédito à pessoa física e empresas. No setor, ITAÚ UNIBANCO PN (BVMF:ITUB4) avançou 0,33% e BRADESCO PN (BVMF:BBDC4) ganhou 0,85%.', '-  PETROBRAS PN  (BVMF:PETR4) fechou em alta de 0,56%, a 30,63 reais, a despeito da queda do petróleo no exterior. Mais cedo, analistas do Citi cortaram a recomendação dos ADRs da Petrobras, para ""neutra"", e reduziram o preço-alvo de 19 para 14 dólares, citando aumento de ceticismo quanto à continuidade da estratégia em andamento e até então bem-sucedida da empresa dada a visão da nova administração sobre política de preços, dividendos e investimentos.', '', '- VALE ON (BVMF:VALE3) caiu 1,18%, a 66,06 reais, ampliado o declínio na segunda etapa do dia e enfraquecendo o Ibovespa, em dia de queda dos futuros do minério de ferro na Ásia. O contrato negociado na Dalian Commodity Exchange, na China, encerrou as negociações do dia com queda de 0,49%, a 714,5 iuanes (99,10 dólares) a tonelada. O vencimento de referência na Bolsa de Cingapura caiu 0,68%, para 100,75 dólares a tonelada.']",1.0800000429153442,1.059999942779541,1.059999942779541,1.059999942779541,1.0700000524520874,1.0700000524520874,1.0700000524520874,1.0700000524520874
14,2023-08-15 16:33:00,https://br.investing.com/news/stock-market-news/americanas-material-apresentado-na-cpi-foi-baseado-em-documentos-do-comite-independente-1145701,Americanas: material apresentado na CPI foi baseado em documentos do Comitê Independente,"['Após a audiência pública na tarde desta terça-feira, 15, Comissão de Inquérito Parlamentar (CPI), que investiga, na Câmara dos Deputados, a fraude ocorrida na Americanas (BVMF:AMER3), a varejista reiterou, em nota, que o relatório apresentado na CPI em 13 de junho foi baseado em documentos levantados pelo Comitê de Investigação Independente, além de documentos complementares identificados pela Administração e seus assessores jurídicos.', '""O material prévio indica que as demonstrações financeiras da companhia vinham sendo fraudadas pela diretoria anterior da Americanas. A companhia reforça que as investigações do Comitê Independente ainda estão em curso. A Americanas segue colaborando com todas as apurações e investigações, tanto pela Comissão de Valores Mobiliários, como outras autoridades e órgãos competentes, como o Ministério Público, a Polícia Federal e a Câmara dos Deputados, sendo a maior interessada no esclarecimento dos fatos"", diz ainda a Americanas.', 'Nesta terça-feira, em depoimento à CPI, Marcio Cruz, ex-diretor da Americanas, disse que não foi responsável pela área contábil e financeira da varejista. E afirmou ""ver com estranheza"" o fato de que o Comitê Independente de Investigação tenha fornecido, antes da conclusão de seus trabalhos, documentos para que o conselho de administração da companhia elaborasse o material apresentado pelo atual CEO da Americanas à CPI.', 'Alegando não ter tido acesso aos documentos em questão, o ex-executivo, que compareceu à audiência pública com habeas corpus que garantia o seu silêncio, não respondeu às perguntas dos parlamentares.']",1.0700000524520874,1.059999942779541,1.059999942779541,1.0299999713897705,1.0399999618530273,1.0199999809265137,1.0199999809265137,1.0299999713897705
13,2023-08-18 05:38:00,https://br.investing.com/news/economy/cinco-marketplaces-detem-quase-80-das-vendas-online-no-pais-1146773,Cinco marketplaces detêm quase 80% das vendas online no país,"['Os cinco maiores shopping centers virtuais em operação no País responderam por quase 80% das vendas do comércio online brasileiro em 2022. Juntos, Mercado Livre (NASDAQ:MELI), Americanas (BVMF:AMER3), Magazine Luiza (BVMF:MGLU3), Via e Amazon (NASDAQ:AMZN) faturaram R$ 203,4 bilhões. A cifra, que inclui as vendas de produtos de estoque do próprio varejista e de terceiros, representou no ano passado 78% do faturamento do e-commerce nacional.', 'A informação faz parte do ranking das 300 maiores varejistas em faturamento feito pela Sociedade Brasileira de Varejo e Consumo (SBVC). O estudo avaliou a fatia dos marketplaces em relação às vendas totais online apuradas pela consultoria NielsenIQ.', '""O peso e a relevância das grandes plataformas explodiram na pandemia e não pararam de crescer, mesmo num ano no qual o e-commerce avançou menos do que o varejo"", observa Alberto Serrentino, vice-presidente da SBVC e responsável pelo estudo.']",1.0399999618530273,1.0199999809265137,1.0199999809265137,1.0299999713897705,1.0299999713897705,1.0099999904632568,1.0299999713897705,1.0099999904632568
12,2023-08-22 20:26:00,https://br.investing.com/news/stock-market-news/expresidente-da-americanas-diz-que-nao-esperava-liderar-empresa-insolvente-1148091,Ex-presidente da Americanas diz que não esperava liderar empresa insolvente,"['Por Carolina Pulice e Peter Frontini', '(Reuters) - O ex-presidente-executivo da Americanas (BVMF:AMER3) renunciou ao cargo duas semanas após seu início porque não esperava liderar uma empresa insolvente, disse ele nesta terça-feira à Comissão Parlamentar de Inquérito (CPI) da Câmara dos Deputados que investiga a fraude contábil bilionária da varejista.', 'Sérgio Rial, que testemunhou perante à CPI, renunciou em 11 de janeiro, mesmo dia em que a Americanas revelou inconsistências contábeis que mais tarde foram descobertas como fraude. A varejista entrou com pedido de recuperação judicial posteriormente no mesmo mês.', '""Renuncio, juntamente com o diretor financeiro, porque não foi esse o projeto que eu comprei. Comprei um desafio, não uma empresa insolvente"", disse ele aos deputados, afirmando que não esperava que a dívida da Americanas excedesse seus ativos.', '', 'Rial, antigo chefe-executivo e presidente do Conselho de Administração do Santander Brasil (BVMF:SANB11), disse não ter visto nenhuma evidência de que os acionistas de referência da Americanas -- o trio bilionário fundador da 3G Capital -- tenham participado da fraude.', '""O que posso dizer: não vi nenhum indício, nem antes, nem durante e nem depois em relação a isso"", disse ele.', 'Rial testemunhou em março perante a senadores dizendo que a gestão anterior da Americanas havia criado dificuldades na divulgação de informações sobre a situação da empresa e o processo de sucessão.']",1.0199999809265137,1.0199999809265137,1.0099999904632568,1.0,1.0,0.9700000286102295,0.9700000286102295,0.9200000166893005
11,2023-08-25 10:33:00,https://br.investing.com/news/stock-market-news/acoes-pao-de-acucar-locaweb-e-cvc-registram-piores-quedas-do-ibovespa-1149196,"Ações: Pão de Açúcar, Locaweb e CVC registram piores quedas do Ibovespa","['Investing.com — O Ibovespa caía 0,18% às 10h30 (de Brasília) sexta, 25 de agosto, a 116.817 pontos. Pão de Açúcar (BVMF:PCAR3), Locaweb (BVMF:LWSA3) e CVC (BVMF:CVCB3) registravam as piores baixas, enquanto São Martinho (BVMF:SMTO3), Engie (BVMF:EGIE3) e Prio (BVMF:PRIO3) apresentavam as maiores altas do índice.', 'Veja as principais notícias corporativas', 'Alpargatas (BVMF:ALPA4) — Está com vagas abertas para o Programa de Estágio 2024, com modelo de trabalho híbrido com e salários de R$2.100 para estudantes do último ano e R$1.900 para estagiários no penúltimo ano da graduação. As ações preferenciais subiam 0,10%, a R$9,90.', 'Even (BVMF:EVEN3) — Acionistas aprovaram aquisição de 8,71 milhões de ações ordinárias de sua própria emissão, para manutenção em tesouraria e posterior cancelamento. Ao todo, 10 milhões de ações ordinárias de sua emissão serão canceladas. Os papéis perdiam 1,33%, a R$6,66.', 'Weg (BVMF:WEGE3) — Adquiriu novo terreno na cidade de Atotonilco de Tula, estado de Hidalgo, no México, com investimento de US$ 40 milhões. As ações ganhavam 0,22%, a R$36,06.', 'Inter\xa0 (BVMF:INBR32)— O banco digital anunciou o lançamento de uma ferramenta interativa de controle financeiro. Os BDRs recuavam 0,19%, a R$21,05.', 'Mills (BVMF:MILS3) — Inaugurou filial em Paranaguá (PR) visando serviços para maior porto graneleiro da América Latina. As ações estavam em acréscimo de 0,15%, a R$13,54.', 'Ambev (BVMF:ABEV3) — A fabricante de bebidas busca startups para cocriar inteligência artificial generativa que ajude a personalizar o consumo. Os papéis registravam perdas de 0,85%, a R$14,07.', 'Zamp\xa0 (BVMF:ZAMP3) — A companhia, dona da marca Burger King (BVMF:ZAMP3), arrecadou e destinou mais de R$5 milhões para ações de educação infantil e combate à fome. As ações caíam 1%, a R$5,94.', 'JBS (BVMF:JBSS3) — A produtora de alimentos movimenta 2,1% do Produto Interno Bruto (PIB) do país, de acordo com a Fundação Instituto de Pesquisas Econômicas (Fipe). Os papéis perdiam 0,65%, a R$18,46.', 'Alliança — Contratou a  Credit Suisse  (SIX:CSGN) Brasil para prestar serviços de formador de mercado. As ações estavam em acréscimo de 1,60%, a R$10,17.', 'Petrobras (BVMF:PETR4) — A estatal de petróleo vai fornecer diesel R para operação industrial da Volvo em Curitiba (PR). Os papéis preferenciais subiam 0,12%, a R$32,23.', 'Positivo — Busca a expansão de sua presença no mercado de serviços e soluções, para que a receita neste passe de 6%, para entre 15% a 20% do total da companhia, segundo o presidente, Helio Bruck Rotenberg. As ações registravam perdas de 0,89%, a R$8,89.', 'Copel (BVMF:CPLE6) — A empresa lançou um novo plano de demissão voluntária (PDV) limitado ao orçamento de R$300 milhões em indenizações. Os papéis', 'Tenda (BVMF:TEND3) — A construtora realizou pedido de oferta subsequente de 15 milhões de ações para levantar cerca de R$280 milhões. Os papéis PNB subiam 0,23%, a R$8,76.', 'Dasa — André Covre, passou brevemente pela varejista Americanas (BVMF:AMER3), é o novo CFO. As ações apresentavam valorização de 0,39%, a R$12,92.', 'Paranapanema (BVMF:PMAM3) — Teve plano de recuperação aprovado em assembleia de credores. Os papéis subiam 2,99%, a R$5,17.', '\n\n\n', '', '\xa0']",1.0,0.9700000286102295,0.9700000286102295,0.9200000166893005,0.9200000166893005,0.9100000262260437,0.9200000166893005,0.9100000262260437
10,2023-08-28 08:28:00,https://br.investing.com/news/stock-market-news/galpoes-retornam-as-origens-apos-boom-do-ecommerce-1149716,Galpões retornam às 'origens' após boom do e-commerce,"['Depois de serem tomados pelas varejistas durante o boom do comércio eletrônico na pandemia, os galpões logísticos voltaram a ser disputados por setores tradicionais da economia, como automobilístico, agronegócio e farmacêutico. O movimento é resultado de uma certa frustração no ritmo de crescimento do e-commerce. Segundo dados da Nielsen|Ebit, o faturamento do setor subiu 41% em 2020, 27% em 2021, e só 1,6% em 2022.', 'Os números menores que o esperado fizeram as varejistas revisar planos de crescimento e reduzir a corrida por galpões logísticos no País. ""O que vimos nesse último ano especialmente foi uma redução na demanda das empresas de e-commerce, que eram protagonistas (Mercado Livre (NASDAQ:MELI), Amazon (NASDAQ:AMZN), Americanas (BVMF:AMER3), Via e Magazine Luiza (BVMF:MGLU3))"", afirma o diretor de industrial e logístico da CBRE, Rodrigo Couto.', 'Segundo ele, a demanda por galpões segue em alta e com baixa vacância, mas agora com uma dependência menor de varejistas do comércio eletrônico. Couto diz que o mercado se reinventou e trouxe outros setores para dividir o protagonismo de forma mais equilibrada junto ao comércio eletrônico. Entre eles estão o setor farmacêutico, automotivo, cold storage (armazéns para produtos frios), fotovoltaico (painéis solares) e agronegócio, especialmente ligados a fertilizantes.', 'Segundo dados do CBRE, os operadores logísticos, que atuam como intermediários entre empresas de diferentes setores e consumidores, tiveram papel fundamental no último ano, correspondendo a 41% das locações totais acumuladas. Nesse período, além das cidades de Cajamar e Guarulhos, Jundiaí teve destaque com um volume superior a 150 mil m² de ocupação.', 'Barueri, uma das cidades pioneiras no mercado de galpões logísticos, tem atualmente uma vacância de 4,3% nesse tipo de imóvel, o que dificulta ter absorção alta da demanda de novos clientes e elevando preços de aluguéis. ""Barueri tem demandas para todos os gostos e os preços estão equiparados entre si por falta de disponibilidade de imóveis. Por isso, Araçariguama tem sido uma opção a Barueri para aluguel de galpões logísticos, assim como Itapevi e Jandira"", diz Couto.', 'Para Bruno Ackermann, sócio da gestora de recursos independente Cy Capital, as varejistas tendem a continuar como a maioria dos clientes dos galpões logísticos, mas em menor escala do que nos últimos anos. ""O comércio eletrônico exige três vezes mais galpões do que o varejo tradicional, baseado em lojas físicas. Esse movimento foi muito positivo para o mercado. A vacância caiu e os aluguéis aumentaram nos últimos três anos"", diz.', 'Ackermann afirma ainda que o cenário ficou mais favorável para empresas de diferentes setores fecharem contratos de aluguel. ""No passado, o e-commerce estava em uma corrida pelo aluguel de galpões para vencer os concorrentes na velocidade de entrega. Os demais setores ficaram mais acuados"", diz.', 'Marcelo Guerra, líder de logística na Tellus Investimentos Imobiliários, afirma que os novos empreendimentos que serão entregues nos próximos meses não devem chacoalhar a atual oferta e demanda do mercado de galpões. ""Estamos em um patamar saudável e devemos ter manutenção de preços de aluguéis, ainda com ajustes de preço para cima, mas sem picos"", diz Guerra.']",0.9200000166893005,0.9100000262260437,0.9200000166893005,0.9100000262260437,0.9200000166893005,0.9300000071525574,0.9300000071525574,0.9100000262260437
9,2023-08-31 10:28:00,https://br.investing.com/news/stock-market-news/acoes-grupo-soma-cvc--e-arezzo-lideram-perdas-do-ibovespa-indice-cai-1151218,"Ações: Grupo Soma, CVC  e Arezzo lideram perdas do Ibovespa; índice cai","['Investing.com — O Ibovespa operava em baixa de 0,46% às 10h26 (de Brasília) desta quinta, 31 de agosto, a 116.929 pontos. Vale (BVMF:VALE3), Bradespar (BVMF:BRAP4) e Prio (BVMF:PRIO3) lideravam as altas, enquanto Grupo Soma (BVMF:SOMA3), CVC (BVMF:CVCB3) e Arezzo (BVMF:ARZZ3) registravam piores quedas do índice.', 'Veja as principais notícias corporativas', 'Vale S(BVMF:VALE3) —\xa0 A empresa informou que\xa0iniciou testes em 1ª planta de briquetes; vê fila de 18 meses de clientes, diz VP.\xa0Os papéis subiam 0,15%, a R$45,92. Os papéis operavam em alta de 1,06% a R$ 65,67.', 'Via (BVMF:VIIA3) —\xa0 A rede de varejo Via informou nesta quinta-feira que contratou bancos para uma ""potencial"" oferta subsequente de ações que pretende levantar pelo menos 1 bilhão de reais.\xa0Os papéis operavam em queda de 0,75% a R$ 1,32', 'Natura (BVMF:NTCO3) — Em fato relevante, a companhia afirmou que concluiu a venda da marca australiana Aesop para a L’Oréal, pelo valor de US$ 2,58 bilhões.\xa0Os papéis operavam em queda de 0,26% a R$ 15,34.', 'Enauta (BVMF:ENAT3)— A companhia elegeu Mateus Tessler como o novo Presidente do Conselho de Administração, sucedendo Antônio Augusto de Queiroz Galvão, que renunciou ao cargo.\xa0Os papéis operavam em alta de 1,06% a R$ 16,20.', 'Camil (BVMF:CAML3) — A empresa aprovou juros sobre capital próprio no valor de R$ 25 milhões.\xa0Os papéis operavam em queda de 2,97% a R$ 8,83', 'Blau (BVMF:BLAU3) — A farmacêutica investiu 50 milhões de euros, na forma de empréstimo conversível em ações, na Prothya Biosolutions Belgium.\xa0Os papéis operavam em queda de 1% a R$ 17,81', 'Americanas (BVMF:AMER3) — Em recuperação judicial, a varejista adiou novamente o prazo para divulgação de seus balanços referentes a 2022 e também a versão retificada do balanço de 2021. Os papéis estavam estáveis e cotados a R$0,91', 'Petrobras (BVMF:PETR4) —\xa0 A companhia assinou quatro memorandos de entendimento (MOUs) com China Energy, SINOPEC, CNOOC e Citic Construction, principais grupos de petróleo e energia da China, em um passo que reforça a busca da companhia por fortalecer a relação comercial com o país asiático.\xa0Os papéis operavam em queda de 0,37% a R$ 32,50', 'Méliuz (BVMF:CASH3) —\xa0 \xa0B3 divulgou nesta quinta-feira (31) a terceira prévia da carteira teórica do Ibovespa que valerá para o período de setembro a dezembro de 2023 e com a atualização a companhia saiu do índice.\xa0Os papéis operavam em queda de 0,73% a R$ 6,84.']",0.9300000071525574,0.9100000262260437,0.9100000262260437,0.8700000047683716,0.8799999952316284,0.9800000190734863,0.9900000095367432,0.9599999785423279
8,2023-09-04 21:02:00,https://br.investing.com/news/stock-market-news/relator-de-cpi-propoe-regulamentacao-de-mercado-apos-escandalo-da-americanas-1152518,Relator de CPI propõe regulamentação de mercado após escândalo da Americanas,"['Por Maria Carolina Marcello e Carolina Pulice', 'BRASÍLIA (Reuters) - O deputado Carlos Chiodini (MDB-SC), relator da CPI da Americanas (BVMF:AMER3) na Câmara, decidiu não imputar responsabilidades pela fraude fiscal multibilionária\xa0da varejista em seu relatório, mas sugere uma série de medidas para aumentar a responsabilização no mercado financeiro.', 'Divulgado nesta segunda-feira, o relatório propôs quatro medidas a serem consideradas pelo Congresso com o objetivo de reforçar a regulação\xa0do mercado.', 'O texto de Chiodini, que pode ser votado em reunião da Comissão Parlamentar de Inquérito (CPI) na terça-feira, é apresentado semanas após o grupo de deputados ouvir depoimentos de especialistas e ex-executivos da Americanas. A varejista entrou com pedido de proteção contra credores em janeiro e relatou irregularidades contábeis de mais de 20 bilhões de reais.', 'O primeiro projeto sugerido pelo relator propõe alterações na legislação para dispor sobre a responsabilização civil de acionistas controladores e administradores das empresas. Também prevê ação de reparação contra auditores independentes na hipótese de violação ao cumprimento de seus deveres.', 'Uma segunda proposta visa melhorar o acesso das empresas de auditoria independentes às informações financeiras das empresas que auditam.', 'O relator propõe ainda, no parecer, projeto que tipifica o crime de\xa0 ""infidelidade patrimonial"", levando a agentes do mercado financeiro e de capitais o ""senso de responsabilidade"" quanto aos recursos movimentados.\xa0', 'A quarta e última medida proposta visa aumentar a proteção do ""informante de boa-fé"", figura que, pelo texto, passaria a existir não apenas em crimes contra a administração pública, mas também contra o mercado financeiro nacional ou o mercado de capitais.\xa0', '', 'Em junho, o presidente-executivo da Americanas, Leonardo Coelho, disse em depoimento a parlamentares que um relatório independente elaborado pelos consultores jurídicos da empresa mostrava um suposto envolvimento de ex-executivos, bancos e empresas de auditoria em fraude em demonstrações financeiras.', 'Uma vez aprovado o relatório de Chiodini na CPI, os projetos sugeridos ainda terão de passar por toda a tradicional tramitação na Câmara e no Senado.', '\xa0', '(Edição de Alexandre Caverni e Patrícia Vilas Boas)']",0.9900000095367432,0.9599999785423279,0.949999988079071,0.9700000286102295,0.9599999785423279,0.9800000190734863,0.9700000286102295,0.949999988079071
7,2023-09-07 14:20:00,https://br.investing.com/news/stock-market-news/b3-decide-abrir-processo-para-investigar-governanca-na-americanas-1153596,B3 decide abrir processo para investigar governança na Americanas,"['A B3 (BVMF:B3SA3) (Bolsa de Valores de São Paulo) decidiu abrir investigação contra a Americanas (BVMF:AMER3) para analisar possíveis punições à varejista por causa de falhas quanto ao gerenciamento de risco e de controle da companhia. Se houver comprovação, a empresa pode sair de forma compulsória do Novo Mercado, que inclui companhias de capital aberto com padrão de governança elevado.', 'Além disso, a Americanas pode ser multada e sofrer censura pública. A informação foi publicada pelo jornal Valor Econômico nesta 5ª feira (7.set.2023).', 'A investigação mira integrantes do conselho de administração, do comitê de auditoria da varejista e ex-diretores da empresa, segundo o jornal. O processo leva em consideração o período de atuação do comitê de auditoria da B2W, braço digital da empresa.']",0.9700000286102295,0.949999988079071,0.9700000286102295,0.949999988079071,0.9700000286102295,0.9399999976158142,0.9700000286102295,0.9399999976158142
6,2023-09-11 22:12:00,https://br.investing.com/news/politics/deputados-sinalizam-que-lira-ira-prorrogar-cpi-das-apostas-esportivas-1154715,Deputados sinalizam que Lira irá prorrogar CPI das apostas esportivas,"['Os deputados integrantes da CPI (Comissão Parlamentar de Inquérito) das apostas esportivas sinalizaram nesta 2ª feira (11.set.2023) que o presidente da Câmara, Arthur Lira (PP-AL), irá prorrogar os trabalhos do colegiado. Entretanto, falta confirmação do congressista alagoano.', 'O presidente da CBF (Confederação Brasileira de Futebol), Ednaldo Rodrigues, foi convidado para falar à comissão nesta 2ª feira (11.set). O dirigente esportivo está com a seleção brasileira em Lima (Peru) para as Eliminatórias Sul-Americanas para a Copa do Mundo de 2026. Ele havia comunicado ao colegiado, em 4 de setembro, que faltaria à audiência por conta da agenda. Retorna ao Brasil na 6ª feira (15.set).', 'Na reunião da CPI desta 2ª, o deputado Wellington Roberto (PL-PB) apresentou um requerimento para convocar Rodrigues, em que o comparecimento é obrigatório. O relator do colegiado, Felipe Carreras (PSB-PE), disse, porém, que os congressistas que integram a comissão chegaram a um acordo com a defesa do presidente da CBF para que ele compareça à audiência em 20 de setembro como convidado. Entretanto, o prazo de funcionamento da comissão é até 5ª feira (14.set).', 'A previsão era de que Carreras apresentasse o relatório final para votação nesta 2ª feira (11.set), mas a análise foi adiada. Ainda assim, os congressistas realizaram audiência com executivos e ex-diretores da CBF e pretendiam votar outros requerimentos.', 'O relator pediu para analisar os requerimentos na 4ª feira (12.set), já que eles não seriam “prejudicados” diante da “sinalização” que a CPI pode ser prorrogada.', 'A CPI das Apostas aprovou em 16 de agosto o requerimento para prorrogar as atividades do colegiado em 60 dias. O pedido precisa ser aprovado pela Mesa Diretora da Câmara dos Deputados, mas Arthur Lira havia sinalizado que não iria prolongar nenhuma das 4 comissões ativas na Casa Baixa. A da Americanas (BVMF:AMER3) e a do MST (Movimento dos Trabalhadores Rurais Sem Terra) também perdem validade na 5ª feira. Já o colegiado das criptomoedas será encerrado em 28 de setembro.']",0.9700000286102295,0.9399999976158142,0.9300000071525574,0.9300000071525574,0.9399999976158142,0.9200000166893005,0.9100000262260437,0.8600000143051147
5,2023-09-14 09:21:00,https://br.investing.com/news/stock-market-news/abertura-de-mercado-o-que-esperar-do-ibovespa-e-dolar-nesta-5afeira-1155697,Abertura de mercado: o que esperar do Ibovespa e dólar nesta 5ª-feira,"['Investing.com – Os mercados aguardam novos dados de inflação ao produtor e vendas no varejo no mercado americano, em busca de pistas sobre as próximas decisões de política monetária do Federal Reserve.', 'Ainda no cenário internacional, designer de chips Arm, do SoftBank, é avaliada em US$54,5 bilhões na sua oferta pública inicial de ações nos Estados Unidos, no maior IPO do ano.', 'Enquanto isso, na China, o Banco do Povo anunciou corte na taxa de compulsório de bancos para apoiar a recuperação econômica. A diminuição em 25 pontos-base a partir de 15 de setembro vale para todos os bancos, exceto aqueles que implementaram uma taxa de reserva de 5%. Já o Banco Central Europeu (BCE) decidiu elevar as principais taxas de juros em 0,25 ponto percentual, em busca do controle inflacionário.', 'No Brasil, a Câmara dos Deputados aprovou projeto que regulamenta as bets e prevê taxação para empresas de apostas on-line, com pagamento de 18% de imposto sobre receita. Além disso, o volume de serviços no Brasil cresceu 0,5% em julho frente a junho, na série com ajuste sazonal, informou o Instituto Brasileiro de Geografia e Estatística (IBGE). Essa é a terceira alta consecutiva do indicador.', 'Às 9h18 (de Brasília), Nasdaq 100 Futuros subia 0,54%, S&P 500 Futuros estava em valorização de 0,45% e o Dow Jones Futuros registrava acréscimo de 0,35%.', 'O Ibovespa Futuros ganhava 0,68% no pré-mercado. O dólar hoje estava em desvalorização de 0,28%, a R$4,9015.', 'O Petróleo WTI Futuros, referência nos Estados Unidos, subia 1,65%, a US$89,98, e o Petróleo Brent Futuros ganhava 1,40% a US$93,17.', 'As ADRs da Vale (NYSE:VALE) estavam em alta de 2,72%, a US$14,06, e as da Petrobras (NYSE:PBR) subiam 0,88%, a US$14,94.']",0.9399999976158142,0.9200000166893005,0.9100000262260437,0.8600000143051147,0.8399999737739563,0.8199999928474426,0.8299999833106995,0.800000011920929
4,2023-09-19 17:40:00,https://br.investing.com/news/politics/cpi-da-americanas-adia-votacao-do-relatorio-final-1157470,CPI da Americanas adia votação do relatório final,"['A CPI (Comissão Parlamentar de Inquérito) da Americanas (BVMF:AMER3) –que investiga as inconsistências contábeis da empresa– decidiu adiar a votação do relatório final, marcada para a sessão desta 3ª feira (19.set.2023). O texto deve ser votado na próxima 3ª feira (26.set).', 'A decisão de adiar a votação do relatório se deu porque os deputados, principalmente do PT e do PL, não conseguiram chegar a um acordo mesmo depois de passarem 1h30 do horário determinado para o início da sessão, às 15h.', 'O relatório apresentado em 4 de setembro pelo relator da comissão, deputado Carlos Chiodini (MDB-SC), não indica culpados e declara que a comissão não foi capaz de reunir provas suficientes para indicar um responsável civil ou administrativa pelas inconsistências que levaram ao rombo de R$ 20 bilhões nas contas da empresa. Eis a íntegra do relatório (PDF – 4 MB).', 'Nesta 3ª feira (19.set), os deputados Tarcísio Motta (Psol-RJ) e Fernanda Melchionna (Psol-RS) protocolaram um relatório paralelo ao texto oficial apresentado por Chiodini. Diferente do que foi proposto pelo relator, os congressistas do Psol pedem a responsabilização do trio de acionistas majoritário da Americanas: Carlos Alberto Sicupira, Jorge Paulo Lemann e Marcel Hermann Telles.', 'Motta e Melchionna afirmam que o relatório oficial apresentado por Chiodini desconsiderou as provas coletadas pela CPI, ficando “aquém do esperado”. Os deputados criticam o texto por não apontar nenhum culpado e por suas propostas “insuficientes” para o enfrentamento de fraudes e manipulações contábeis e financeiras. Eis a íntegra do relatório paralelo (PDF – 670 kB).', 'Leia mais em Poder360']",0.800000011920929,0.8100000023841858,0.8199999928474426,0.8100000023841858,0.8100000023841858,0.7799999713897705,0.7799999713897705,0.7599999904632568
3,2023-09-22 09:16:00,https://br.investing.com/news/stock-market-news/abertura-de-mercado-o-que-esperar-do-ibovespa-e-dolar-nesta-6afeira-1158520,Abertura de mercado: o que esperar do Ibovespa e dólar nesta 6ª-feira,"['Investing.com – Os mercados ainda repercutem as decisões de política monetária desta semana, assim como a proibição de exportação de combustíveis da Rússia, com receio de novos impactos na inflação.', 'A economia da zona do euro provavelmente passará por uma contração no terceiro trimestre deste ano, segundo dados do Índice de Gerentes de Compras (PMI) Composto da S&P Global. Ainda que o PMI tenha apresentado alta para 47,1 em setembro, de 46,7 em agosto, recorde de baixa em mais de 30 meses, o valor ainda está inferior a 50, que separa crescimento de contração.', 'Dados do PMI americano devem estar entre os destaques de hoje, trazendo mais pistas sobre a resiliência da economia americana. Lisa Cook, do Federal Reserve, também fará pronunciamento ao mercado.', 'No Brasil, expectativa para próxima etapa do programa de renegociação de dívidas Programa Desenrola Brasil, que abre leilão para credores entre segunda e quarta.', 'Às 9h11 (de Brasília), Nasdaq 100 Futuros subia 0,54%, S&P 500 Futuros estava em valorização de 0,33% e o Dow Jones Futuros registrava alta de 0,16%.', 'O Ibovespa Futuros ganhava 0,80% no pré-mercado. O dólar hoje caía 0,48%, a R$4,9113.', 'O Petróleo WTI Futuros, referência nos Estados Unidos, subia 1,06%, a US$90,58, e o Petróleo Brent Futuros registrava acréscimo de 0,86% a US$94,10.', 'As ADRs da Vale (NYSE:VALE) estavam com ganhos de 1,83%, US$13,90, e as da Petrobras (NYSE:PBR) subiam 1,27%, a US$15,17.']",0.8100000023841858,0.7799999713897705,0.7799999713897705,0.7599999904632568,0.7599999904632568,0.7300000190734863,0.7599999904632568,0.7300000190734863
2,2023-09-27 09:17:00,https://br.investing.com/news/stock-market-news/cade-retira-de-pauta-processo-sobre-aquisicao-da-dpa-pela-lactalis-1160147,Cade retira de pauta processo sobre aquisição da DPA pela Lactalis,"['O Conselho Administrativo de Defesa Econômica (Cade) não irá mais julgar nesta quarta-feira, 27, a aquisição do capital social da Dairy Partners Americanas (BVMF:AMER3) Brasil Ltda (DPA) e de sua subsidiária integral Dairy Partners Americanas Nordeste (DPAN) pela Lactalis do Brasil. Relator do caso no órgão, o conselheiro Victor Fernandes pediu que o processo fosse retirado de pauta.', 'Fonterra e Nestlé, detentoras da DPA no Brasil, assinaram um acordo para vender a empresa para a Lactalis, por R$ 700 milhões, em dezembro do ano passado.', 'A Lactalis produz lácteos variados no País, enquanto a DPA produz lácteos refrigerados.', 'A DPA é responsável por produzir toda a linha de produtos do Grupo Nestlé neste segmento. A Nestlé detém 49% da DPA e a Fonterra 51%.']",0.7200000286102295,0.7200000286102295,0.7200000286102295,0.6899999976158142,0.6899999976158142,0.7799999713897705,0.8299999833106995,0.949999988079071
1,2023-10-01 16:29:00,https://br.investing.com/news/stock-market-news/americanas-desligou-1131-funcionarios-e-fechou-21-lojas-entre-agosto-e-setembro-1161503,Americanas desligou 1.131 funcionários e fechou 21 lojas entre agosto e setembro,"['A Americanas (BVMF:AMER3) desligou 1.131 funcionários entre 21 de agosto e 17 de setembro deste ano, sendo 639 pedidos de demissão, e fechou 21 lojas no mesmo período, restando ativas 1.785 unidades. Os dados constam de relatório de acompanhamento mensal dos administradores judiciais da companhia, encaminhado neste domingo, 1º, à Comissão de Valores Mobiliários (CVM). Nos últimos 12 meses, foram fechadas 88 lojas.', 'O número de clientes ativos em 2023 recuou 12,7% em agosto de 2023 em comparação com dezembro de 2022. O indicador mede a quantidade de clientes que realizaram pelo menos uma compra ou interação com a empresa em um determinado período.', 'O relatório também aponta que o caixa disponível em 31/8/2023 era de R$ 1,552 bilhão ante R$ 3,726 bilhões em setembro do ano passado, um recuo de 58,3% em 12 meses.', 'Entre janeiro e agosto de 2023, a dívida denominada em reais da companhia aumentou em 5,6% e totalizou R$ 20,644 bilhões, enquanto a dívida em dólares somou R$ 1,068 bilhão (queda de 1,1%). E o pagamento das dívidas denominadas em reais somou R$ 1,391 bilhão e, em dólar, US$ 43,615 milhões.']",0.9300000071525574,0.8199999928474426,0.9300000071525574,0.8199999928474426,0.800000011920929,0.7699999809265137,0.75,0.75
0,2023-10-04 07:55:00,https://br.investing.com/news/stock-market-news/americanas-vai-sacar-2a-parte-de-financiamento-de-acionistas-desiste-de-venda-da-unico-1162426,Americanas vai sacar 2ª parte de financiamento de acionistas; desiste de venda da Uni.co,"['SÃO PAULO (Reuters) - A Americanas (BVMF:AMER3) anunciou no final da noite de terça-feira que vai ""realizar"" a segunda tranche do financiamento de 2 bilhões de reais bancado pelos ""acionistas de referência"" da companhia que fez no início do ano um dos maiores pedidos de recuperação judicial da história do país.', 'A empresa também anunciou a suspensão do processo de venda da Uni.co, rede adquirida em 2021 que opera franquias como Puket e Imaginarium, depois de considerar que as ofertas recebidas ""não refletem o real valor do ativo"".', 'A Americanas poderá mais adiante retomar o processo de venda da Uni.co, afirmou a companhia, que havia contratado o  Citigroup  (NYSE:C) em maio para assessorá-la na venda.', 'Além da Uni.co, o Citi estava ajudando a Americanas na venda da rede de hortifrutis Natural da Terra, mas a companhia não deu detalhes sobre como está o processo neste caso no comunicado. ', 'A segunda parte do financiamento autorizado em fevereiro deste ano será de 500,6 milhões de reais e se dará por meio de emissão de debêntures não conversíveis em colocação privada, afirmou a empresa.', 'A Americanas afirmou que a segunda parte será ""integralizada"" em sua totalidade pelos acionistas de referência, o trio de bilionários Jorge Paulo Lemann, Marcel Telles e Carlos Alberto Sicupira.', 'A primeira parte do financiamento, no valor de 1 bilhão de reais, também acertada pelos acionistas de referência, já foi recebida pela Americanas, afirmou a rede. ', '', '(Por Alberto Alerigi Jr.)']",0.800000011920929,0.7699999809265137,0.75,0.75,0.75,0.7599999904632568,0.7599999904632568,0.7400000095367432
