,data_hora,url,titulo,texto
0,06-10-2023 13:25:00,https://br.investing.com/news/stock-market-news/ibovespa-ensaia-melhora-com-apoio-de-blue-chips-apos-pressao-com-dados-dos-eua-1163474,Ibovespa ensaia melhora com apoio de blue chips após pressão com dados dos EUA,"['Por Paula Arend Laier', 'SÃO PAULO (Reuters) - O Ibovespa mostrava melhora no início da tarde desta sexta-feira, após cair abaixo dos 112 mil pontos pela primeira vez em quatro meses, com o avanço de blue chips contrabalançando o efeito negativo da alta dos rendimentos dos Treasuries após dados fortes do mercado de trabalho dos Estados Unidos.', 'Às 13:19, o Ibovespa subia 0,38 %, a 113.716,4 pontos, após recuar quase 1,5% no pior momento do pregão, a 111.598,57 pontos, menor patamar intradia desde 2 de junho. O volume financeiro somava 11,2 bilhões de reais.', 'A bolsa paulista acompanhava a recuperação dos pregões em Wall Street, que também sofreram mais cedo após o Departamento do Trabalho dos EUA divulgar a criação de 336 mil vagas fora do setor agrícola em setembro, acelerando em relação a agosto, que teve o dado revisado para cima, e superando amplamente as expectativas.', 'Em Wall Street, o S&P 500 agora subia 0,97%, a 4.299,67 pontos, após marcar 4.219,55 pontos na mínima. Os rendimentos dos Treasuries seguiam em alta, mas também distantes das máximas, com o título de 10 ano marcando 4,7778%, de 4,716% na véspera. Mais cedo, chegou a 4,887%.', 'De acordo com a estrategista de portfólio da Global X ETFs, Michelle Cluver, os dados divulgados nesta sexta-feira mostram que o mercado de trabalho dos EUA permanece extremamente apertado.', '""Infelizmente, para os mercados, esta leitura reflete que o Fed pode precisar fazer mais para conter as pressões inflacionárias"" acrescentou. ""Ao mesmo tempo que encoraja a resiliência da economia dos EUA, esta leitura excepcionalmente forte é um desafio para os mercados"", acrescentou.', '- VALE ON (BVMF:VALE3) tinha acréscimo de 1,38%, a 66,81 reais, resistindo à aversão a risco generalizada por causa dos dados dos EUA, enquanto segue sem o referencial dos preços do minério de ferro na China em razão de feriado no país asiático.', '- BANCO DO  BRASIL ON  (BVMF:BBAS3) ganhava 3,28%, a 48,48 reais, endossando a recuperação na bolsa paulista, enquanto ITAÚ UNIBANCO PN (BVMF:ITUB4) subia 1,27%, a 27,99 reais, distante da mínima ( 27,23 reais). BRADESCO PN (BVMF:BBDC4) caía 0,07%, a 14,43 reais. SANTANDER BRASIL UNIT (BVMF:SANB11) valorizava-se 1,42%, a 27,06 reais.', '-  PETROBRAS PN  (BVMF:PETR4) avançava 0,82%, a 33,00 reais, conforme os preços do petróleo no mercado externo mostravam elevação, com o barril de Brent registrando variação positiva de 0,84%, a 84,78 dólares.', '- MAGAZINE LUIZA ON (BVMF:MGLU3) perdia 3,31%, a 1,75 real, mas afastando-se do pior momento (1,68 real), conforme as taxas dos contratos de DI mostravam alguma acomodação após subirem mais cedo. O índice do setor de consumo cedia 0,64%. No setor de varejo, CASAS BAHIA ON ganhava 1,79%, a 0,57 real.', '', '- MRV&CO ON (BVMF:MRVE3) caía 1,98%, a 8,91 reais, com papéis de construtoras ainda pressionados pelas preocupações com os juros. O índice do setor imobiliário, que também inclui empresas de shopping centers, recuava 0,36%.', '- YDUQS ON (BVMF:YDUQ3) desabava 13,40%, a 18,10 reais, mais do que devolvendo os ganhos acumulados nos primeiros pregões do mês, de pouco mais de 5% até a véspera.', '\xa0', '(Por Paula Arend Laier)']"
1,03-10-2023 14:41:00,https://br.investing.com/news/stock-market-news/com-risco-global-ibovespa-cai-142-a-1134-mil-menor-nivel-desde-56-1162293,"Com risco global, Ibovespa cai 1,42%, a 113,4 mil, menor nível desde 5/6","['Em mais uma rodada de pressão decorrente da escalada dos juros de mercado nos Estados Unidos, que hoje alcançaram a marca de 4,80% para o vencimento de 10 anos - e de 5,15% para o de 2 anos, na máxima do dia -, o Ibovespa mergulhou à tarde, em sucessivas renovações de mínimas após as 15h que o lançaram, no fechamento, aos 113.419,04 pontos, queda de 1,42% na sessão. Foi o menor nível de fechamento para o índice da B3 (BVMF:B3SA3) desde 5 de junho (112.696,32), e também a primeira vez, desde então, que o Ibovespa encerra o dia abaixo dos 114 mil pontos.', 'Hoje, na mínima, o Ibovespa mostrava perda de 1,66%, aos 113.150,89 pontos, saindo de máxima na sessão a 115.055,63, quase correspondente ao nível da abertura (115.054,87). O giro financeiro ficou em R$ 19,8 bilhões nesta terça-feira. Nas duas primeiras sessões de outubro, ontem e hoje, o Ibovespa acumula perda de 2,70%, limitando o ganho do ano a 3,36%.', 'A resiliência dos indicadores econômicos nos Estados Unidos - nesta terça-feira foi a vez do relatório JOLTS, métrica sobre o mercado de trabalho americano monitorada de perto pelo Federal Reserve - leva o mercado a ajustar expectativas sobre a taxa de juros de referência da maior economia do mundo, e reacende temores quanto a uma possível recessão, mais à frente, diante da perspectiva de juros altos por mais tempo do que se antevia.', '""O número aguardado para o JOLTS era de 8,80 milhões de vagas em aberto nos EUA, mas o dado surpreendeu, atingindo 9,61 milhões. O valor está distante do pico de abril de 2022, quando registrou 11,55 milhões de vagas; entretanto, ainda sinaliza um mercado de trabalho demasiadamente aquecido"", observa em relatório a Toro Investimentos, acrescentando que a leitura contribui para reforçar as apostas de aumento de juros pelo Fed ainda este ano.', ""Na sexta-feira, 6, o mercado contará com outra métrica sobre o mercado de trabalho americano, o 'payroll' de setembro, com dados como a geração de vagas, a taxa de desemprego e a evolução média do ganho salarial."", 'Em Nova York, as perdas nos principais índices de ações ficaram em 1,29% (Dow Jones), 1,37% (S&P 500) e 1,87% (Nasdaq) no fechamento desta terça-feira, também acentuadas do meio para o fim da tarde. Aqui, o dólar à vista foi negociado a R$ 5,1603 na máxima do dia, e fechou ainda em forte alta de 1,73%, a R$ 5,1543.', '""O mercado já havia começado o dia bem ruim por aqui, sem um fluxo positivo, e houve piora à tarde, quando buscou as mínimas, em um patamar para o Ibovespa que não se via no intradia desde o começo de junho, o que se manteve também no fechamento"", diz Gabriel Mota, operador de renda variável da Manchester Investimentos.', '""Naquela ocasião em junho, o movimento era distinto: o Ibovespa vinha numa puxada, que o levaria aos 122 mil pontos perto do fim de julho. Agora, voltamos a ter um cenário de aversão a risco global, a partir dos Estados Unidos. Economia americana segue forte, resiliente, mantendo o cenário de juros altos por mais tempo, que resulta em precificação mais cética para ativos de risco, como ações de emergentes, em meio à preocupação sobre o nível de juros em todo o mundo"", acrescenta Mota, enfatizando o ambiente de \'risk off\'.', '""Muito fluxo tem saído, voltando para Estados Unidos de forma a aproveitar esse cenário de juros altos"", observa o operador.']"
2,25-09-2023 15:35:00,https://br.investing.com/news/stock-market-news/analistas-do-goldman-sachs-veem-investidores-brasileiros-com-vies-ainda-negativo-para-varejo-1159316,Analistas do Goldman Sachs veem investidores brasileiros com viés ainda negativo para varejo,"['SÃO PAULO (Reuters) - Analistas do Goldman Sachs (NYSE:GS) reuniram-se com investidores no Brasil na semana passada e observaram que a visão para o varejo continua relativamente negativa, com preocupações que vão desde a dinâmica de alavancagem e do fluxo de caixa até à demanda ainda fraca por parte das famílias excessivamente endividadas e ao risco regulatório para benefícios fiscais.', '""O sentimento em relação ao setor permanece, de modo geral, relativamente negativo, com apenas alguns investidores dispostos a olhar além da atual fraqueza de curto prazo na demanda dos consumidores para se concentrarem nos benefícios potenciais dos cortes cumulativos dos juros e da desalavancagem gradual das famílias -- e dos balanços das empresas"", afirmaram Irma Sgarz e equipe em relatório enviado a clientes.', 'Eles acrescentaram que o fluxo recente de notícias sobre potenciais alterações em incentivos fiscais está pesando ainda mais, com os investidores demonstrando uma convicção relativamente limitada sobre quais os benefícios que podem ser protegidos e quais os que podem ser descontinuados.', 'No caso do varejo discricionário, a equipe do banco norte-americano apurou que os investidores concentraram-se sobretudo nos varejistas de vestuário, embora com um posicionamento leve, enquanto o interesse no segmento de bens duráveis, de empresas como Magazine Luiza (BVMF:MGLU3) e Casas Bahia ou de artigos para animais de estimação -- Petz (BVMF:PETZ3) -- era limitado.', '""Investidores pareceram mais construtivos em relação à varejista de joias Vivara (BVMF:VIVA3) e à operadora de academias Smartfit (o Goldman Sachs não cobre essas empresas) e também permanecem globalmente positivos em relação à Arezzo&Co (BVMF:ARZZ3), de quem investidores valorizam o perfil de crescimento consistente e o maior foco da administração nas margens"", afirmaram. ', 'Eles afirmaram que Lojas Renner (BVMF:LREN3) dividiu opiniões, com alguns expressando preocupações sobre a visibilidade ainda relativamente limitada dos lucros no curto prazo e algumas desvantagens adicionais nas estimativas de consenso. ', '""Alguns investidores também estavam interessados em discutir qual deveria ser um múltiplo justo para a ação da Lojas Renner, com alguns defendendo um \'de-rating\' mais estrutural, enquanto outros foram mais construtivos devido à inflexão dos lucros passar para a linha de visão"", observaram, citando que a preocupação em torno da concorrência externa ainda prevalece. ', 'Para o Grupo Soma (BVMF:SOMA3), destacaram que o sentimento permanece cauteloso, principalmente devido à exposição da empresa a benefícios fiscais e à incerteza contínua sobre quanto destes benefícios podem ser preservados ou compensados por outras iniciativas de planejamento fiscal. ', 'No caso do varejo alimentar, a visão é, no geral, extremamente cautelosa, com investidores temendo que o crescimento das vendas mesmas lojas estimado para o terceiro trimestre possa mais uma vez ser negativo para o segmento de atacarejo, dado o ambiente de queda dos preços dos alimentos. ', 'Em relação a Assaí (BVMF:ASAI3), segundo os analistas, há receios com a alavancagem da empresa, a geração de caixa no curto prazo e o cronograma de desembolso de investimentos. Quanto ao Carrefour (BVMF:CRFB3) Brasil, há preocupações semelhantes às que cercam o Assai, além de visibilidade limitada sobre o potencial de recuperação do portfólio das lojas BIG.', 'As opiniões sobre Natura&Co (BVMF:NTCO3) não foram unânimes, mas no geral positivas, embora parte disso a partir de uma perspectiva orientada por eventos, notadamente a perspectiva de venda da unidade The Body Shop. ', 'Eles também notaram que investidores acreditam, de modo geral, que a administração da fabricante de cosméticos está direcionando a recuperação na direção certa e gerindo adequadamente as expectativas de curto prazo. ""No entanto, veem uma visibilidade limitada nos lucros nos próximos trimestres, à medida que a empresa avança mais profundamente na implementação da Onda 2"", afirmou a equipe do Goldman Sachs. ', 'RD (BVMF:RADL3), afirmaram os analistas, continua a ser um consenso claro no lado positivo, com os investidores não avaliando que a ação está ""esticada"" dado o crescimento confiável e visibilidade de lucros. ', 'Sgarz e equipe também observaram que investidores locais permaneceram ""esmagadoramente"" positivos em relação Mercado Livre (NASDAQ:MELI). ', '', '""No geral, investidores locais estão talvez um pouco mais preocupados com a exposição da empresa à Argentina -- com o receio de uma recessão a superar agora o temor de uma desvalorização --, embora a maioria também reconheça que o México era agora um contribuidor cada vez mais importante para os resultados globais"", escreveram no relatório.', 'Por outro lado, os analistas afirmaram que ouviram relativamente menos preocupação em torno da dinâmica de concorrência global, destacando que investidores continuam a monitorar a questão, mas acreditam que mais ajustes poderão ocorrer à medida que o programa Remessa Conforme caminha e potenciais alterações em tributos federais de importação possam ocorrer em 2024.  ', '', '(Por Paula Arend Laier)']"
3,22-09-2023 17:16:00,https://br.investing.com/news/stock-market-news/ibovespa-fecha-quase-estavel-com-acomodacao-apos-fed-mas-tem-pior-semana-desde-marco-1158748,"Ibovespa fecha quase estável com acomodação após Fed, mas tem pior semana desde março","['Por Andre Romani', 'SÃO PAULO (Reuters) - O Ibovespa fechou perto da estabilidade nesta sexta-feira, em movimento de certa acomodação do índice após queda de mais de 2% na véspera em razão de perspectivas mais duras para a taxa de juros nos Estados Unidos, o levou o índice a registrar sua pior semana desde março.', 'Vale e Petrobras foram as maiores alavancas ao índice, enquanto B3 e Weg (BVMF:WEGE3) pesaram negativamente.', 'Índice acionário de referência da bolsa brasileira, o Ibovespa fechou com variação negativa de 0,12%, a 116.008,64 pontos. O volume financeiro da sessão somou 17,8 bilhões de reais.', 'Na semana, o índice teve queda de 2,32%, a maior desde a semana encerrada em 24 de março.', 'A sexta-feira mais morna no mercado veio após o Ibovespa acompanhar uma aversão ao risco global na quinta-feira, um dia depois de o Federal Reserve sinalizar uma política monetária restritiva por mais tempo nos EUA, enquanto, no Brasil, o Banco Central esfriou expectativas mais otimistas de uma eventual aceleração no ritmo de cortes da Selic à frente.', '""Quando se tem esse movimento grande para baixo em um dia, a tendência é no dia seguinte mostrar alguma acomodação"", disse o economista-chefe do Banco ABC (BVMF:ABCB4), Daniel Xavier. ""Em ambos os casos foram desfechos mais \'hawkish\', mais conservadores, disse Xavier.', 'Em Wall Street, os três principais índices acionários fecharam levemente no vermelho nesta sexta-feira, sendo que o S&P 500 caiu 0,23%, também tendo registrado a pior semana desde março.', 'Investidores ainda seguiam atentos à cena fiscal brasileira, diante de incertezas sobre a capacidade do governo de cumprir a meta de déficit zero em 2024.', '""O mercado ainda não compra totalmente a trajetória fiscal do país tanto para 2023 quanto para frente. Acho que isso pesa"", disse Ilan Arbetman, analista da Ativa Investimentos.', '- VALE ON (BVMF:VALE3) subiu 0,74%, a 68 reais. Os contratos futuros do minério de ferro subiram nesta sexta-feira, apoiados por políticas de apoio da China à economia e depois que a  Rio Tinto  (LON:RIO) interrompeu os trabalhos em uma mina de Pilbara após um incidente. Em Cingapura, o contrato de referência da commodity voltou a ultrapassar o nível de 120 dólares por tonelada.', '-  PETROBRAS PN  (BVMF:PETR4) avançou 0,8%, a 34,03 reais. No exterior, os preços do petróleo fecharam praticamente estáveis, após alta mais cedo.', '- ITAÚ UNIBANCO PN (BVMF:ITUB4) teve variação negativa de 0,26%, a 26,92 reais, enquanto BRADESCO PN (BVMF:BBDC4) caiu 0,77%, a 14,15 reais. Ainda no setor financeiro, B3 ON (BVMF:B3SA3) cedeu 1,3%, a 12,33 reais.', '', '- IRB (RE) ON) (BVMF:IRBR3teve alta de 1,96%, a 40,49 reais. A empresa de resseguros divulgou na noite de quinta-feira um lucro líquido de 22,3 milhões de reais referente a julho, em comparação com prejuízo de 58,9 milhões de reais no mesmo mês do ano passado. Na máxima mais cedo, a ação subiu a 42,99 reais.', '- CASAS BAHIA ON cedeu 8,11%, a 0,68 real, acumulando recuo de 38,8% no mês na sequência de perda de 41,2% em agosto. MAGAZINE LUIZA ON (BVMF:MGLU3) cedeu 4,68%, a 2,24 reais. No varejo alimentar, CARREFOUR BRASIL ON (BVMF:CRFB3) avançou 2,81%, a 9,15 reais, após seis pregões de queda.', '- BRASKEM PNA (BVMF:BRKM5) recuou 3,29%, a 20,59 reais, tendo renovado mínima intradia desde o começo de maio a 20,4 reais. Os papéis seguem pressionados pelas incertezas envolvendo uma esperada venda da participação da Novonor na petroquímica.']"
4,18-09-2023 18:04:00,https://br.investing.com/news/politics/janja-e-ministras-participam-de-encontro-de-mulheres-na-onu-1157039,Janja e ministras participam de encontro de mulheres na ONU,"['A primeira-dama Janja Lula da Silva participou do encontro de mulheres líderes globais nesta 2ª feira (18.set.2023) na sede da ONU (Organização das Nações Unidas) em Nova York (EUA). Em seu perfil no X (antigo Twitter), a socióloga disse ter ficado “emocionada” com o evento.', '“Junto com lideranças globais, prefeitas, empreendedoras, ministros e representantes da ONU, conversamos sobre importantes iniciativas que irão acontecer no Brasil com relação a equidade de gênero e empoderamento feminino. Emocionada de ouvir relatos tão potentes quanto o da Rohey Malick, prefeita de Banjul, em Gâmbia, e o da prefeita de Eastpointe Monique Owens. Seguimos juntas na construção de um mundo mais justo, igual e inclusivo!”, escreveu.', 'Além da primeira-dama, também participaram as ministras Cida Gonçalves (Mulheres), Esther Dweck (Gestão e Inovação), Margareth Menezes (Cultura) e Nísia Trindade (Saúde), as senadoras Augusta Brito (PT-CE) e Ana Paula Lobato (PSB-MA) e as deputadas Dandara (PT-MG), Jack Rocha (PT-ES) e Natália Bonavides (PT-RN).', 'O evento reuniu, além de figuras políticas, lideres empresarias, como a presidente do conselho de administração do Magazine Luiza (BVMF:MGLU3), Luiza Helena Trajano, e representantes da ONU. O ministro das Cidades, Jader Filho, também acompanhou o encontro.']"
5,15-09-2023 14:10:00,https://br.investing.com/news/economy/fortuna-de-bilionarios-brasileiros-equivale-a-1535-do-pib-veja-setores-mais-prosperos-1156388,"Fortuna de bilionários brasileiros equivale a 15,35% do PIB; veja setores mais prósperos","['O patrimônio dos 280 bilionários brasileiros listados pela revista Forbes, cujo ranking foi divulgado neste mês, equivale a 15,35% do Produto Interno Bruto (PIB) do País. Em 2022, a riqueza produzida pelo Brasil foi de R$ 9,99 trilhões, segundo o Instituto Brasileiro de Geografia e Estatística (IBGE).', 'Atualmente, o patrimônio somado dos bilionários da lista da Forbes é de R$ 1,52 trilhão, demonstrando o tamanho das grandes fortunas. O PIB corresponde ao somatório de todos os produtos finais da economia do Brasil.', 'As empresas que mais geraram bilionários são a catarinense WEG (BVMF:WEGE3), com 29 bilionários, seguida de Itaúsa (BVMF:ITSA4) e Grupo Suzano (BVMF:SUZB3), com 11 e 8 bilionários, respectivamente.', ""Entre as dez empresas que mais contribuíram com novos bilionários aparecem ainda o Magazine Luiza (BVMF:MGLU3) (7), Rede D'Or (BVMF:RDOR3) (7), M. Dias Branco (BVMF:MDIA3) (6), Votorantim (6), CCR (BVMF:CCRO3) (5) e Amaggi (5). A décima posição é dividida por AB Inbev e 3G Capital (5).""]"
6,08-09-2023 10:56:00,https://br.investing.com/news/stock-market-news/ibovespa-recua-com-ajustes-apos-feriado-em-meio-a-preocupacoes-com-juros-nos-eua-1153829,Ibovespa recua com ajustes após feriado em meio a preocupações com juros nos EUA,"['Por Paula Arend Laier', 'SÃO PAULO (Reuters) - A bolsa paulista tinha um viés de baixa nesta sexta-feira, na volta do feriado, refletindo ajustes ao movimento negativo de ADRs brasileiros na véspera, quando dados dos Estados Unidos reforçaram temores sobre os próximos passos do Federal Reserve, particularmente o risco de mais uma alta dos juros neste ano.', 'Às 10h40, o Ibovespa caía 0,92%, a 114.917,98 pontos. O volume financeiro no pregão somava 2,3 bilhões de reais. O contrato futuro do Ibovespa com vencimento mais curto, em 18 de outubro, recuava 0,96%, a 116.245 pontos.', 'Na véspera, quando não houve negociação na B3 (BVMF:B3SA3) em razão do Dia da Independência, o MSCI Brazil, principal ETF brasileiro negociado em Nova York e uma relevante referência global para as ações brasileiras, caiu 1,95%. As bolsas norte-americanas também recuaram ainda afetadas por notícias da Apple (NASDAQ:AAPL).', 'Conforme observou a equipe de economia do Bradesco, o conjunto de indicadores corrobora a expectativa de moderação da atividade global, mas o ritmo lento de descompressão dos índices inflacionários torna mais incerto o debate em torno do fim do aperto monetário nas economias centrais.', '""Ao mesmo tempo, a China segue acumulando sinais de enfraquecimento da economia local, mesmo após estímulos governamentais"", acrescentou em nota a clientes.', 'Nesta sexta-feira, em Wall Street, a cautela continuava presente, mas o S&P 500 ensaiava melhora, com alta de 0,27%, enquanto agentes financeiros aguardam a divulgação de dados de inflação na próxima semana para ajudar a calibrar as apostas para a decisão de juros do Fed neste mês.', '\xa0', 'DESTAQUES', '- VALE ON (BVMF:VALE3) recuava 2,28%, a66,45 reais, em dia de declínio dos futuros do minério de ferro na China após o planejador estatal daquele país se comprometer a intensificar a supervisão regulatória do mercado. O contrato mais negociado na Bolsa de Commodities de Dalian da China encerrou as negociações do dia com queda de 2,1%, a 827,50 iuans (112,61 dólares) por tonelada. Na véspera, o ADRs da Vale fecharam em baixa de mais de 3%.', '-  PETROBRAS PN  (BVMF:PETR4) tinha variação negativa de 0,15%, a 33,47 reais, em meio a ajustes ao desempenho (-2,23%) de seu ADR na quinta-feira, enquanto o último pregão da semana era de alta dos preços do petróleo no mercado internacional, com o Brent avançando 0,37%. A Petrobras também informou nesta sexta-feira que suas refinarias atingiram em agosto um novo recorde de utilização de capacidade, alcançando o patamar de 97,3%, melhor resultado desde dezembro de 2014.', '- ITAÚ UNIBANCO PN (BVMF:ITUB4) cedia 0,52%, a 26,59 reais, e BRADESCO PN (BVMF:BBDC4) perdia 0,56%, a 14,3 reais, mantendo o viés de baixa que tem sido a marca dos últimos pregões em meio ao desconforto de investidores com potenciais reflexos no setor de medidas recentes do governo federal, incluindo projetos para acabar com o mecanismo de juros sobre capital próprio e limitar as taxas de juros cobrados no crédito rotativo dos cartões.', '- VIA ON (BVMF:VIIA3) tinha queda de 4,17%, a 1,15 reais, após um respiro no último pregão, mantendo-se em níveis de 2016. A companhia precifica no próximo dia 13 oferta primária subsequente de ações, com expectativa de levantar cerca de 1 bilhão de reais que serão usados para melhoraria da estrutura de capital. No setor, MAGAZINE LUIZA ON (BVMF:MGLU3) recuava 2,32%.', '- SUZANO (BVMF:SUZB3) ON mostrava declínio de 3,39%, a 48,17 reais, tendo no radar relatório de analistas do  Morgan Stanley  (NYSE:MS) reduzindo a recomendação dos papéis da fabricante de celulose para ""equal-weight"", mas mantendo o preço-alvo de 53 reais. No setor, KLABIN UNIT (BVMF:KLBN11) recuava 1,52%, a 22,09 reais.', '', '- CVC (BVMF:CVCB3) BRASIL ON subia 1,3%, a 2,34 reais, em meio a um movimento de recuperação, após perder quase 11% nos três primeiros pregões da semana. No setor de viagens, GOL (BVMF:GOLL4) PN recuava 1,64%, mesmo após divulgar alta de 11,6% na procura por voos da empresa em agosto sobre o mesmo mês do ano passado, com a oferta avançando 7,7%.', '- VAMOS ON valorizava-se 0,84%, a 10,82 reais, após acumular um tombo de quase 12% dos dois pregões anteriores. A gestora de frotas de veículos pesados comunicou no final da quinta-feira que fez acordo para comprar a frota de veículos do grupo em recuperação judicial Petrópolis por cerca de 576 milhões de reais à vista.', '- GPA (BVMF:PCAR3) ON cedia 1,93%, a 4,57 reais, tendo como pano de fundo anúncio do varejista de que seu controlador, o francês Casino, propôs início de negociações para compra da participação indireta detida pelo GPA na empresa de comércio eletrônico Cnova. O anúncio ocorreu no mesmo dia em que o Casino obteve na França período de suspensão de pagamento de obrigações de dívida de unidades da empresa.']"
7,05-09-2023 17:11:00,https://br.investing.com/news/stock-market-news/ibovespa-fecha-em-queda-sem-tregua-em-receios-fiscais-e-com-exterior-desfavoravel-1152878,Ibovespa fecha em queda sem trégua em receios fiscais e com exterior desfavorável,"['Por Paula Arend Laier', 'SÃO PAULO (Reuters) - O Ibovespa fechou em queda nesta terça-feira, com a persistente desconfiança sobre a capacidade de o governo federal de atingir suas metas fiscais pressionando negativamente, embora o avanço das ações da Petrobras, na esteira da alta do petróleo no mercado externo, tenha atuado como um contrapeso positivo.', 'Índice de referência do mercado acionário brasileiro, o Ibovespa caiu 0,38%, a 117.331,3 pontos. No pior momento, chegou a 116.637,02 pontos. Na máxima da sessão, marcou 117.956,71 pontos, flertando com o território positivo.', 'O volume financeiro no pregão somou 21,6 bilhões de reais.', 'De acordo com a equipe da Mirae Asset, o ""drama fiscal"" segue no radar de investidores do mercado brasileiro. ""A conta não fecha sobre o ajuste fiscal do governo apenas pelas receitas. E isso só tem gerado críticas"", afirmaram. ""Poucos acreditam ser possível (o déficit) ser \'zerado\'.""', 'Apresentado na semana passada, o Orçamento de 2024 prevê um superávit primário de 2,8 bilhões de reais no ano que vem, saldo que conta com receitas de 168,5 bilhões de reais de novas ações arrecadatórias propostas nos últimos meses, incluindo medidas ainda não aprovadas.', 'Na visão de Tiago Cunha, sócio e gestor de ações da Ace Capital, as dúvidas sobre a capacidade de o governo de alcançar um déficit primário zero no próximo ano têm pressionado os mercados, elevando as taxas futuras de juros, o que acaba contaminando a bolsa paulista.', 'Ele ainda ressaltou que o atraso em movimentos como a reforma ministerial também preocupa, uma vez que podem afetar o andamento de outras pautas do governo, incluindo a econômica.', 'No exterior, Wall Street terminou com o S&P 500 em baixa de 0,42%, em meio ao avanço dos rendimentos dos títulos do Tesouro norte-americano, enquanto agentes financeiros permanecem na expectativa dos próximos passos do banco central dos Estados Unidos, que tem decisão de juros neste mês.', '- BRADESCO PN (BVMF:BBDC4) caiu 2,15%, a 14,58 reais, e ITAÚ UNIBANCO PN (BVMF:ITUB4) recuou 1,5%, a 26,99 reais, conforme o setor permanece pressionado por dúvidas sobre medidas visando melhora do quadro fiscal do país com potencial efeito negativo nos resultados de bancos. Ainda no setor financeiro, também pesou negativamente o desempenho de B3 ON (BVMF:B3SA3), que fechou em baixa de 2,22%.', '-   PETROBRAS PN   (BVMF:PETR4) avançou 3,34%, a 33,37 reais, renovando máximas históricas, na esteira da alta dos preços do petróleo no exterior, com PRIO (BVMF:PRIO3) fechando com elevação de 1,89% e 3R PETROLEUM ON (BVMF:RRRP3) valorizando-se 1,13%. Prio também divulgou na véspera dados operacionais de agosto. Na contramão, PETRORECÔNCAVO ON (BVMF:RECV3), que acaba de entrar no Ibovespa, caiu 5,49%, pressionada pela decisão da Petrobras de encerrar os processos de desinvestimentos do Polo Urucu, Polo Bahia Terra, Campo de Manati e da Petrobras Operaciones, sua subsidiária na Argentina. Um consórcio formado pela PetroRecôncavo e pela Eneva (BVMF:ENEV3) negociavam com a estatal anteriormente a compra do Polo Bahia Terra.', '- VALE ON (BVMF:VALE3) cedeu 0,43%, a 69,1 reais, conforme os futuros do minério de ferro recuaram na China, com o contrato mais negociado na Bolsa de Commodities de Dalian, na China, encerrando as negociações do dia com queda de 0,6%. Na Bolsa de Cingapura, porém, o vencimento mais negociado subiu 0,7%.', '- GOL (BVMF:GOLL4) PN fechou em baixa de 4,7%, a 6,89 reais, e AZUL PN (BVMF:AZUL4) encerrou com declínio de 4,86%, a 14,09 reais, em sessão marcada por alta do dólar frente ao real e avanço dos preços do petróleo no mercado externo. Ainda no setor de viagens, CVC (BVMF:CVCB3) BRASIL ON perdeu 5,81%.', '- VIA ON (BVMF:VIIA3) recuou 7,14%, a 1,17 real, após anunciar oferta primária subsequente de ações com bônus de subscrição, na qual espera levantar cerca de 1 bilhão de reais que serão usados para melhoraria da estrutura de capital da empresa. A precificação está prevista para 13 de setembro. No setor, MAGAZINE LUIZA ON (BVMF:MGLU3) caiu 3,24%.', '', '- AMBEV ON (BVMF:ABEV3) subiu 1,08%, a 14,01 reais, também fornecendo um contrapeso positivo. Analistas do JPMorgan (NYSE:JPM) chamaram a atenção para dados de produção de cerveja divulgados pelo IBGE nesta terça-feira, com alta de 0,2% em julho ano a ano, que eles ressaltaram ser o primeiro aumento desde março. Eles também chamaram a atenção para o fato de que a temperatura média em agosto nas cidades brasileiras foi 2,0ºC acima do registrado no mesmo período de 2022, o que avaliam como benigno para o consumo de cerveja e marginalmente positivo para Ambev.', '- TENDA ON (BVMF:TEND3), que não está no Ibovespa, cedeu 1,96%, a 12,48 reais, após a construtora precificar na noite da véspera seu follow-on a 12,50 reais por ação, levantando 234 milhões de reais em oferta pública primária de ações. O índice do setor imobiliário na B3, que também inclui empresas de shopping centers, terminou o pregão com queda de 1,11%.', '- MOBLY ON (BVMF:MBLY3) saltou 11,03%, a 4,33 reais, tendo no radar expectativas de fusão da empresa de móveis e decoração com a rival Tok&Stok. De acordo com reportagem da coluna Pipeline do jornal Valor Econômico na segunda-feira, os controladores de ambas, a home24 e o fundo de private equity Carlyle, respectivamente, acertaram os termos do acordo para uma fusão das companhias a ser feita por meio de troca de ações.']"
8,31-08-2023 17:07:00,https://br.investing.com/news/stock-market-news/ibovespa-quebra-serie-de-altas-mensais-e-recua-5-em-agosto-1151430,Ibovespa quebra série de altas mensais e recua 5% em agosto,"['Por Paula Arend Laier', 'SÃO PAULO (Reuters) - O Ibovespa fechou em queda nesta quinta-feira, com a recente deterioração nas contas públicas corroborando dúvidas sobre os planos de déficit fiscal zero do próximo ano, enquanto medidas para aumentar as receitas públicas trouxeram preocupações sobre os potenciais efeitos nos resultados de empresas.', 'Índice de referência do mercado acionário brasileiro, o Ibovespa caiu 1,53 %, a 115.741,81 pontos, terminando na mínima do dia. O volume financeiro na sessão somou 26 bilhões de reais.', 'Com tal desempenho, o Ibovespa acumulou queda de 5% em agosto, encerrando uma sequência de quatro meses em alta. Essa performance foi acompanhada de forte saída de capital externo da bolsa paulista, com as vendas superando as compras em 12,56 bilhões de reais em agosto até o dia 29.', 'De acordo com o head da EQI Research, Luís Moran, o fluxo bastante negativo de investidores estrangeiros na bolsa contrariou a expectativa que o mercado tinha com o início dos cortes na Selic, de que esse fluxo fosse aumentar. Ele, contudo, avaliou que as saídas refletiram eventos no cenário externo.', 'No Brasil, o mês acabou com receios sobre o cenário fiscal voltando a pressionar os ativos financeiros.', 'Nesta quinta, o Banco Central mostrou que o setor público consolidado teve um déficit primário de 35,8 bilhões de reais em julho, bem mais forte do que a expectativa de economistas consultados pela Reuters. A dívida pública bruta do país como proporção do PIB avançou para 74,1%.', 'Para o diretor de pesquisa macroeconômica para América Latina do Goldman Sachs (NYSE:GS), Alberto Ramos, a política fiscal ""claramente expansionista"" no ano até o momento e a relutância em controlar a despesa prejudicam gravemente a credibilidade das metas fiscais anunciadas pelo governo.', 'O governo reiterou nesta quinta que o Projeto de Lei Orçamentária de 2024 (PLOA) de 2024 buscará a meta de resultado primário zero, mas isso não aliviou a desconfiança de agentes financeiros. Além da queda na bolsa, as taxas de DI avançaram e o dólar subiu ante o real.', '""A grande questão aqui não é nova, é a preocupação dos investidores com o quadro fiscal brasileiro"", afirmou o responsável pela mesa de ações do BTG Pactual (BVMF:BPAC11), Jerson Zanlorenzi. ""O mercado ainda um pouco em dúvida sobre essa viabilidade de déficit zero no ano que vem.""', 'O PLOA enviada ao Congresso prevê aumento de 129 bilhões de reais da despesa primária em relação a este ano e estabelece ampliação de 168 bilhões em arrecadação.', 'Na véspera, a ministra do Planejamento e Orçamento, Simone Tebet, afirmou que a peça orçamentária traria todas as projeções de receitas para atingir esse objetivo, incluindo algumas medidas que ainda dependem de aprovação do Congresso. Ela ponderou que eventual fracasso em iniciativas inviabilizará o cumprimento do déficit zero.', 'Entre as medidas para elevar as receitas, o Senado aprovou na véspera proposta que restaura o voto de desempate a favor do governo em decisões do Carf. Nesta quinta, o governo apresentou projeto para acabar com o mecanismo de juros sobre capital próprio (JCP), o que deve afetar os lucros de várias empresas.', '""Vamos acompanhar com bastante cuidado como o governo vai conseguir caminhar na direção que ele se propôs. Por enquanto, o mercado está relativamente cético e com um volume muito baixo ainda"", acrescentou Moran, da EQI.', 'Em Wall Street, os pregões terminaram sem uma direção única antes da divulgação de dados do mercado de trabalho, após uma semana com números corroborando expectativas de que o Federal Reserve poderia interromper o ciclo de altas de juros nos Estados Unidos. S&P 500 cedeu 0,16%.', 'O último pregão do mês trouxe a terceira prévia da carteira do Ibovespa que irá vigorar a partir de segunda-feira até o final do ano, confirmando a entrada das ações da PetroReconcavo (BVMF:RECV3) e da Vamos, assim como a saída dos papéis da Méliuz (BVMF:CASH3).', '- ITAÚ UNIBANCO PN (BVMF:ITUB4) cedeu 0,87%, a 27,43 reais, e BRADESCO PN (BVMF:BBDC4) perdeu 1,39%, a 14,95 reais, tendo no radar a aprovação pelo Senado de projeto de lei que retoma o voto de qualidade em casos de empate nas decisões do Conselho Administrativo de Recursos Fiscais (Carf), bem como a proposta do governo para encerrar com o instrumento de JCP. Analistas do JPMorgan (NYSE:JPM) avaliam que a notícia sobre o Carf é negativa para o setor financeiro, uma vez que bancos e empresas não bancárias têm ações relevantes e alguns desses casos podem ser priorizados à medida que o governo busca mais receitas. No caso do JCP, analistas do Citi veem um impacto negativo significativo para os lucros dos bancos com um eventual fim do benefício fiscal, mas avaliam que o projeto apresentado deve passar por ajustes.', '- B3 ON (BVMF:B3SA3) recuou 2,19%, a 12,93 reais, também pressionada pelo avanço do projeto de lei do Carf, que agora segue à sanção presidencial. De acordo com o JPMorgan, a B3 tem uma exposição de 12,2 bilhões de reais em processos no órgão e já se beneficiou do voto de qualidade no passado -- quando era a favor do contribuinte.', '', '- VIA ON (BVMF:VIIA3) fechou com declínio de 4,51%, a 1,27 real, tocando uma mínima intradia desde 2016 de 1,26 real, em sessão bastante negativa para papéis de varejo e consumo na B3. A dona das redes Casas Bahia e Ponto e do banco digital banQi também anunciou nesta quinta-feira que contratou Bradesco BBI, BTG Pactual, UBS Brasil, Itaú BBA e Santander Brasil (BVMF:SANB11) para uma ""potencial"" oferta de ações que pretende levantar pelo menos 1 bilhão de reais. No setor, MAGAZINE LUIZA ON (BVMF:MGLU3) caiu 5,48%.', '- VALE ON (BVMF:VALE3) encerrou com acréscimo de apenas 0,15%, a 65,08 reais, distante da máxima do dia, quando chegou a 66,17 reais, mesmo com os futuros do minério de ferro avançando na China para o maior nível em cinco semanas. O contrato mais negociados na Dalian Commodity Exchange (DCE) fechou as negociações do dia com alta de 3,54%, a 849 iuanes (116,47 dólares) por tonelada, máxima desde 1º de agosto. A Vale também disse que iniciou testes com carga da primeira fábrica de briquetes de minério de ferro na unidade de Tubarão, em Vitória (ES), e se prepara para começar a atender uma fila estimada de 18 meses de clientes.', '-  PETROBRAS PN  (BVMF:PETR4) cedeu 2,08%, a 31,94 reais, após renovar mais cedo máxima histórica intradia a 32,79 reais. O papel acumulou em agosto uma valorização de 6,58%, marcando o quinto mês seguido de valorização. No exterior, o barril de petróleo Brent fechou com elevação de 1,16%, a 86,86 dólares. No setor, 3R PETROLEUM ON (BVMF:RRRP3) avançou 2,24% e PRIO ON (BVMF:PRIO3) subiu 1,33%.']"
9,28-08-2023 10:27:00,https://br.investing.com/news/stock-market-news/acoes-natura-magalu-e-embraer-lideram-altas-do-ibovespa-indice-sobe-1149800,"Ações: Natura, Magalu e Embraer lideram altas do Ibovespa; índice sobe","['Investing.com — O Ibovespa subia 0,15% às 10h25 (de Brasília) segunda, 28 de agosto, a 116.009 pontos. Natura, Magazine Luiza (BVMF:MGLU3) e Embraer (BVMF:EMBR3) lideravam as altas, enquanto MRV (BVMF:MRVE3), Marfrig (BVMF:MRFG3) e Alpargatas (BVMF:ALPA4) registravam piores quedas do índice.', 'Veja as principais notícias corporativas', 'Banco do Brasil (BVMF:BBAS3) — Vai distribuir proventos na forma de juros sobre o capital próprio de R$953,724 milhões referentes ao terceiro trimestre deste ano, ou R$0,33 por ação. O valor será creditado em 29 de setembro, com base na posição acionária de 11 de setembro. As ações subiam 0,23%, a R$47,04.', 'Tupy (BVMF:TUPY3) — Elegeu Anielle Francisco da Silva e Carlos Roberto Lupi como novos membros do Conselho de Administração. Os papéis pediam 3,51%, a R$25,57.', 'Valid (BVMF:VLID3) — O Conselho de Administração aprovou a contratação do Rafael Ziggiatti para a posição de Diretor Financeiro e de Relações com Investidores. As ações estavam estáveis, a R$16,76.', 'Taesa (BVMF:TAEE11) — Em função da fase final do empreendimento da concessão Sant’Ana Transmissora de Energia, a Taesa descontinuou a divulgação do guidance de capex nominal para este ano. As Units caíam 0,46%, a R$34,61.', 'Sanepar (BVMF:SAPR11) — O Conselho de Administração aprovou a proposta a ser encaminhada às Microrregiões Centro-Litoral, Centro-Leste e Oeste do Estado do Paraná, visando a universalização dos serviços de água e esgoto com preservação da modicidade tarifária. As Units recuavam 0,13%, a R$22,49.', 'Copasa (BVMF:CSMG3) — A Moody’s Local atribuiu o rating AAA.br à proposta da 18ª emissão de debêntures da Copasa. Além disso, a Blackrock passou a deter \xa04,963% do total de ações ordinárias de emissão da empresa, após alienação de papéis. Os papéis apresentavam valorização de 0,16%, a R$18,80.', 'CSN Mineração (BVMF:CMIN3) — Assinou contrato com a Itochu para o fornecimento de minério de ferro da planta de pellet feed P15 na Mina de Casa de Pedra durante os anos mineiros de 2026 a 2054. As ações registravam estabilidade, a R$4,09.', 'Natura (BVMF:NTCO3) — A Natura&Co avalia uma potencial venda da rede de lojas The Body Shop, conforme informou em fato relevante. Os papéis subiam 4,12%, a R$15,91.', 'Eletrobras (BVMF:ELET3) — O Conselho de Administração da Eletrobras aprovou a emissão de R$7 bilhões em debêntures. As ações PNB perdiam 0,35%, a R$39,80.', 'Alupar (BVMF:ALUP11) — Alupar Peru, subsidiária da Alupar, e a colombiana ISA venceram projetos de transmissão de energia no país latino-americano. As Units registravam acréscimo de 0,11%, a R$28,48.', 'Vale (BVMF:VALE3) — O negócio de metais básicos é “claramente a joia da coroa”, segundo Eduardo Bartolomeo, presidente da mineradora. As ações subiam 0,47%, a R$62,37.', 'Petz (BVMF:PETZ3) — A Cobasi e a Petz teriam retomado conversas para fusão, segundo o jornal Valor Econômico. Os papéis estavam com mercado fechado.']"
10,25-08-2023 13:29:00,https://br.investing.com/news/economy/importacao-de-produtos-de-ate-us-50-subiu-11-neste-ano-1149292,Importação de produtos de até US$ 50 subiu 11% neste ano,"['Agência Brasil - A\xa0importação de produtos com valor de até US$ 50 (cerca de R$ 240) cresceu 11,4% nos sete primeiros meses deste ano, na comparação com o mesmo período de 2022. O total de itens chegou a 3,3 bilhões, dos quais a maioria teve como origem a China.', 'Os dados são de um estudo divulgado nesta sexta-feira (25) pela Confederação Nacional do Comércio de Bens, Serviços e Turismo (CNC), no qual foi analisada a importação de mais de 10 mil tipos de bens de consumo com valor individual de até US$ 50.', 'A pesquisa mostrou que a importação de produtos chineses subiu 38% neste período. Com isso, eles representam atualmente quase 40% do total de itens importados pelos consumidores brasileiros, com 1,3 bilhão de unidades.', 'Em segundo lugar como país de origem aparece o Paraguai, com apenas 296 milhões de unidades (8,9%).', 'Segundo a CNC, a alta foi estimulada pela valorização do real ante o dólar e a alta carga tributária doméstica. “A diferença na carga de impostos sobre o consumo no Brasil e no exterior foi um fator crucial para o aumento das importações de bens de consumo”, explica o economista responsável pelo estudo, Fabio Bentes.', 'De acordo com a CNC, esse tipo de comércio reduz a competitividade do produto nacional. A confederação pede que haja uma isonomia tributária para as importações de bens de consumo de baixo valor.', 'Em 1º de agosto, entrou em vigor a isenção federal para compras online de até US$ 50.']"
11,21-08-2023 14:56:00,https://br.investing.com/news/stock-market-news/ibovespa-inicia-semana-em-baixa-de-085-aos-1144-mil-pontos-1147564,"Ibovespa inicia semana em baixa de 0,85%, aos 114,4 mil pontos","['O Ibovespa ficou perto de ceder a linha dos 114 mil pontos na mínima desta segunda-feira, 21, após ter interrompido na sexta-feira série histórica de 13 perdas consecutivas, a mais longa desde 1968. Nesta segunda-feira, a referência da B3 (BVMF:B3SA3) oscilou dos 114.066,51 - ainda na mínima intradia desde 6 de junho (112.695,60) - aos 115.424,65 pontos, saindo de abertura aos 115.403,81.', 'Ao fim, o índice caiu 0,85%, aos 114.429,35 pontos, agora o menor nível de encerramento desde 5 de junho (112.696,32), com giro financeiro fraco, a R$ 19,5 bilhões, na sessão. No mês, o Ibovespa acumula perda de 6,16%, limitando o ganho do ano a 4,28%.', '""A queda por si só já é ruim, mas com tantas perdas acumuladas, começa a acender luz de alerta, com possibilidade de revisões para o cenário, no sentido de baixa. A China cortou mais uma vez os juros, o segundo em dois meses para a taxa de um ano, mas os analistas esperavam redução um pouco maior, em meio às preocupações quanto ao risco de contágio, na economia, dos problemas do setor imobiliário do país, a partir de grandes empresas do segmento, como a Evergrande (OTC:EGRNY)"", diz Fernanda Bandeira, sócia e especialista da Blue3 Investimentos, mencionando a correlação de ações de peso na B3, como Vale (BVMF:VALE3) (ON -0,03%, a R$ 61,20), à demanda por commodities na China.', '""O Banco Popular da China cortou sua taxa principal de um ano, referência para empréstimos domésticos e corporativos, em 10 pontos-base, de 3,55% para 3,45%, abaixo dos 15 pontos-base que se esperava como corte"", aponta em nota a Monte Bravo Investimentos, acrescentando que, ainda assim, parte dos mercados globais ensaiou uma recuperação nesta segunda-feira, apesar do nível, ainda alto, nos rendimentos dos Treasuries - títulos públicos americanos, referência de segurança para os investidores em momentos como o atual, de aversão a risco.', 'Outro destaque da semana, que contribui para manter a cautela vista nesta segunda-feira, é a expectativa pelo simpósio de Jackson Hole, evento anual organizado pelo Federal Reserve de Kansas City, sempre acompanhado com interesse pelo mercado em razão das pistas que costumam emergir, no evento, quanto à orientação da política monetária não apenas dos Estados Unidos, mas também de outras grandes economias globais. O presidente do Fed, Jerome Powell, falará na sexta-feira no evento de Jackson Hole, que começa na quinta.', 'Na agenda doméstica, destaque para o IPCA-15, na sexta-feira, e para a possibilidade de nova votação do arcabouço fiscal na Câmara após a passagem da matéria, com algumas modificações, pelo Senado. A votação pelos deputados pode ocorrer ainda nesta semana, mesmo com a ausência do presidente Luiz Inácio Lula da Silva, em viagem à África do Sul para reunião de cúpula dos Brics (Brasil, Rússia, Índia, China e África do Sul).', 'Na manhã desta segunda-feira, destaque para o Boletim Focus que trouxe projeção um pouco maior para o IPCA deste ano, a 4,90%, comparada a 4,84% no boletim da semana anterior, e o câmbio projetado passando, no mesmo intervalo, de R$ 4,93 para R$ 4,95 com manutenção do PIB e da Selic, sem variações, no fechamento do ano, observa Roseane Duarte, analista da Toro Investimentos.', 'Como pano de fundo, na semana passada terminou o período de divulgação dos resultados do segundo trimestre das empresas no Brasil. ""Em resumo, os resultados vieram muito machucados pelo impacto das altas taxas de juros, tanto diretamente, com o incremento das despesas financeiras das empresas, como na própria parte operacional, com a dificuldade de fazer com que o faturamento cresça"", diz Eduardo Cavalheiro, fundador e gestor da Rio Verde Investimentos.', 'Mesmo com a pequena redução da Selic, de 13,75% para 13,25% ao ano decidida no início de agosto, ""o mercado de crédito segue restrito, com muitas empresas ainda encontrando dificuldade para rolar seus financiamentos, em ambiente também difícil para os bancos, o que ainda amarra a economia"", acrescenta o gestor, prevendo melhora nos resultados das empresas apenas no médio prazo, à medida que os efeitos da redução da Selic se transmitam à atividade econômica.', 'Nesse contexto, as ações de maior peso e liquidez na B3 voltaram a se alinhar em direção única, negativa. Entre os grandes bancos, as perdas da sessão variaram entre 0,36% (BB (BVMF:BBAS3) ON) e 0,72% (Bradesco (BVMF:BBDC4) PN). Petrobras ON (BVMF:PETR3) e PN, por sua vez, caíram nesta segunda 0,99% e 0,70%. Na ponta perdedora do Ibovespa, destaque para IRB (BVMF:IRBR3) (-9,24%), Carrefour (BVMF:CRFB3) Brasil (-4,14%) e Yduqs (BVMF:YDUQ3) (-3,86%), com Petz (BVMF:PETZ3) (+2,45%), Magazine Luiza (BVMF:MGLU3) (+1,67%) e Cemig (BVMF:CMIG4) (também +1,67%) no canto oposto.']"
12,18-08-2023 15:00:00,https://br.investing.com/news/stock-market-news/ibovespa-tem-no-dia-a-1a-alta-deste-mes-de-agosto-mas-cede-225-na-semana-1146995,"Ibovespa tem no dia a 1ª alta deste mês de agosto, mas cede 2,25% na semana","['Mesmo com a cautela ainda dando o tom aos negócios com ativos de risco - pelas incertezas em torno das economias americana e chinesa, as duas maiores do mundo -, o Ibovespa quebrou nesta sexta-feira, 18, sua mais longa sequência de perdas, na série histórica iniciada em 1968, e subiu 0,37%, aos 115.408,52 pontos.', 'Após os 13 recuos iniciados em 1º de agosto, a referência da B3 (BVMF:B3SA3) oscilou nesta sexta dos 114.423,28 aos 115.728,91 pontos, saindo de abertura aos 114.973,40 pontos.', 'Na semana, o índice caiu 2,25% - a quarta retração semanal consecutiva -, o que coloca as perdas do mês a 5,36%, e restringe o avanço acumulado no ano a 5,17%. Fraco, o giro ficou em R$ 21,8 bilhões nesta primeira sessão de agosto com fechamento positivo para o Ibovespa.', 'Na B3, as ações de grandes bancos, com perdas no mês que chegam a 9,84% para Bradesco ON(BVMF:BBDC4), subiram moderadamente nesta sexta (Bradesco ON +0,83%, Itaú PN (BVMF:ITUB4) +0,79% , BB ON (BVMF:BBAS3) +0,40%), conferindo suporte, pela ponderação do setor financeiro no índice, para que o Ibovespa fechasse a sessão com leve ganho, em dia negativo para a ação de maior peso individual na carteira, Vale ON (BVMF:VALE3), que encerrou em baixa de 1,11%, cedendo 4,16% na semana e 9,22% no mês, cotada agora a R$ 61,22. Em 2023, o papel da mineradora acumula perda de 27,82% - enquanto Petrobras ON (BVMF:PETR3) e PN avançam, respectivamente, 43,47% e 52,57% no mesmo intervalo.', ""Em variação acanhada na sessão, Petrobras (BVMF:PETR4) ON subiu nesta sexta 0,58% e a PN, 0,25% - ambas, como BB ON (+0,65% na semana e +41,98% no ano), foram a exceção positiva da semana entre as ações de maior liquidez, com avanço de 3,05% (ON) e de 3,14% (PN) no intervalo de cinco sessões. Na ponta do Ibovespa na sessão desta sexta-feira, Magazine Luiza (BVMF:MGLU3) (+6,38%) e Carrefour Brasil (BVMF:CRFB3) (+5,24%), com Rede D'Or (BVMF:RDOR3) (-1,85%) e Weg (BVMF:WEGE3) (-1,76%) puxando a fila oposta."", '""Tem faltado fluxo, dinheiro novo dos investidores, para a Bolsa - a exceção nesta semana foi a quarta-feira, com o exercício de opções sobre o índice que reforça o giro no dia. A queda de juros Selic foi importante, mas os movimentos de ingresso têm sido marginais, na B3, com poucos investidores se posicionado em ações, o que piorou agora, em agosto, com a retração do estrangeiro, que virou a mão devido à turbulência externa"", diz Eduardo Cavalheiro, fundador e gestor da Rio Verde Investimentos, destacando em especial a crise no setor imobiliário da China, setor com grande peso no PIB da maior economia asiática. ""Está difícil para a Bolsa sair do lugar, com os juros americanos, em títulos praticamente livres de risco, subindo bastante, na faixa de 4% nos vencimentos de 10 anos, diminuindo assim a atratividade de mercados como o Brasil"", acrescenta.', '""A série negativa do Ibovespa foi longa, mas o ajuste relativamente pequeno. Em Nova York, os índices, mesmo numa semana negativa como esta, têm corrigido pouco também, e seguem esticados. Apesar dos juros básicos nos níveis em que estão por lá, na faixa de 5%, a economia dos Estados Unidos é uma máquina de produtividade, e os americanos continuam a fazer sua poupança em ações"", diz Cesar Mikail, gestor de renda variável da Western Asset, mencionando que o retorno médio do S&P 500 nos últimos 20 anos gira em torno de 10% ao ano. ""O cenário externo tem prevalecido sobre o doméstico - que melhorou e tende a continuar assim, por exemplo, se o arcabouço fiscal vier a ser aprovado como se espera, possivelmente na semana que vem, mesmo com algumas alterações que vieram do Senado. O governo precisa manter a relação com a Câmara, que tem aprovado matérias importantes - e tem outras ainda por vir"", acrescenta.', 'China, ainda mais que Estados Unidos, pelo papel que tem na formação dos preços de commodities, como o minério, e por ser o principal destino das exportações brasileiras, continua a ser o grande ponto de interrogação deste segundo semestre.', '""Se pegar a ação da Vale, vinha de R$ 60 e foi a R$ 100 no começo do ano, com a expectativa de normalização da economia chinesa, que não veio - e agora volta a convergir para R$ 60"", diz o gestor da Western Asset. ""O governo de lá - apesar do poder financeiro que tem, em situação fiscal muito mais favorável do que a dos Estados Unidos - não tem agido até agora na intensidade que se esperava - por enquanto, o que tem vindo de medidas, são cosméticas"", acrescenta Mikail, observando também que uma atitude defensiva do governo chinês em relação à disponibilização de dados considerados sensíveis - como o aumento da taxa de desemprego entre a população mais jovem - pode tornar o quadro ainda mais ""nebuloso"".', '""Uma boa notícia em relação à China seria um gatilho importante"", diz o gestor, que vê chance de o Ibovespa fechar o ano na faixa de 125 mil a 130 mil pontos, considerando também o ritmo de corte da Selic, de meio ponto porcentual, sinalizado pelo Copom.', 'O mercado financeiro manteve-se dividido sobre o desempenho das ações no curtíssimo prazo, entre alta e estabilidade, mostra o Termômetro Broadcast Bolsa desta sexta-feira. Entre os participantes, 62,50% esperam avanço da Bolsa na próxima semana, porcentual maior do que os 40,00% da pesquisa anterior. Outros 37,50% preveem variação neutra, de 60,00% no último Termômetro. Mais uma vez, não houve respostas indicando queda.']"
13,15-08-2023 16:11:00,https://br.investing.com/news/stock-market-news/magazine-luiza-ve-vendas-no-2o-semestre-melhores-que-primeira-metade-do-ano-1145584,Magazine Luiza vê vendas no 2º semestre melhores que primeira metade do ano,"['SÃO PAULO (Reuters) - O Magazine Luiza (BVMF:MGLU3) está vendo o varejo brasileiro em uma situação ""mais racional"" e avalia que as vendas do segundo semestre deverão ganhar tração sobre o primeiro, diante do início da queda de juros e redução da inadimplência, afirmaram executivos da companhia nesta terça-feira.', 'A empresa está se preparando para formar neste trimestre estoques maiores para eventos que incluem a Black Friday em novembro e tem expectativa elevada sobre vendas da chamada ""linha branca"", que reúne aparelhos domésticos como lavadoras.', '""Estamos em negociação com os fornecedores...esperamos uma Black Friday melhor que no ano passado tanto no online quanto na loja física"", afirmou o vice-presidente de operações do Magazine Luiza, Fabrício Garcia, em conferência com analistas.', '""O estoque deve subir um pouco neste trimestre pensando na programação do final do ano. Se vier o calor que se está prevendo, é algo que vai mexer com linha branca"", acrescentou.', 'As ações do Magazine Luiza exibiam queda de 2,82%, a 2,76 reais, às 16h07, enquanto o Ibovespa mostrava baixa de 0,22%.', 'A companhia divulgou na noite da véspera prejuízo de 198,8 milhões de reais para o segundo trimestre, alta de 77,3% na comparação com o prejuízo do mesmo período do ano passado.', 'Parte do resultado, assim como ocorrido no primeiro trimestre, deveu-se à estratégia da empresa de buscar repassar o impacto de aumento tributário gerado pelo retorno do imposto Diferencial de Alíquota do ICMS (Difal) aos preços dos produtos.', 'No segundo trimestre, a empresa repassou 60% a 70% desse aumento, disse Garcia, e a expectativa é repassar o restante até o final do ano.', '', 'O presidente do Magazine Luiza, Frederico Trajano, afirmou que ""é difícil crescer venda e repassar ao mesmo tempo"", mas que após a conclusão do processo a empresa vai focar em ""maior crescimento"" de vendas online de seus produtos, o chamado ""1P"".', '""A perspectiva é muito positiva para médio prazo e no curto prazo, em função da dinâmica do mercado, estamos vendo crescimentos melhores (de vendas) em relação ao primeiro semestre"", afirmou Trajano.', '\xa0', '(Por Alberto Alerigi Jr.)']"
14,11-08-2023 16:23:00,https://br.investing.com/news/stock-market-news/investe-em-magalu-mglu3-saiba-o-que-esperar-do-balanco-na-segunda-1144335,Investe em Magalu (MGLU3)? Saiba o que esperar do balanço na segunda,"['Investing.com – A varejista Magazine Luiza (BVMF:MGLU3) deve reportar balanço referente ao segundo trimestre deste ano na próxima segunda-feira, 14. Com um cenário macroeconômico desafiador, juros e inadimplência elevada, além de um ambiente de competição cada vez mais acirrada, os mercados estarão atentos aos indicadores de vendas e rentabilidade da varejista. A média das estimativas de analistas compiladas pelo InvestingPRO é de uma receita de R$8,77 bilhões para a Magalu.', 'Segundo a XP Investimentos (BVMF:XPBR31), o período foi difícil para o varejo, com poder de compra pressionado e base de comparação difícil. “Para o segmento de e-commerce, esperamos um tímido crescimento de receita por conta de um cenário macro ainda desafiador, enquanto as margens devem permanecer pressionadas por conta do Difal e mix de canais, enquanto a alavancagem deve permanecer elevada. A MGLU3 deve ser o destaque, com melhora de margens T/T e geração de caixa, enquanto a Via deve ser o destaque negativo”, aponta a XP em relatório.', 'O banco BTG (BVMF:BPAC11) espera que o GMV online da Magazine Luiza apresente crescimento de 8,5% na base anual e 7,5% no consolidado, ou R$ 856 milhões em acréscimo de GMV online. As projeções do banco são de receita de R$8,581 bilhões e um Ebitda de R$491 milhões, com prejuízo líquido de R$160 milhões.', 'Enquanto isso, o Santander (BVMF:SANB11) espera um Ebitda de R$443 milhões e um prejuízo líquido de R$236 milhões. O banco projeta uma alta anual de 7,4% no GMV total e de 9% no digital. Além disso, as receitas devem totalizar R$8,741 bilhões, indica o Santander, com margem Ebitda ajustado de 5,1%, contra 5,7% no 2T22.', 'Às 16h23 (de Brasília) desta sexta, as ações subiam 0,35%, a R$2,86.']"
15,08-08-2023 10:28:00,https://br.investing.com/news/stock-market-news/acoes-ibovespa-recua-mais-de-1-nesta-terca-1141951,Ações: Ibovespa recua mais de 1% nesta terça,"['Investing.com — O Ibovespa \xa0recuava 1,32% às 10h26 (de Brasília) desta terça, 08 de agosto, a 117.803 pontos. Petz (BVMF:PETZ3), Via (BVMF:VIIA3) e Magazine Luiza (BVMF:MGLU3) registravam as maiores quedas, enquanto Eletrobras, JBS (BVMF:JBSS3) e Locaweb (BVMF:LWSA3) apresentavam as maiores altas do índice.', 'Veja as principais notícias corporativas', 'Weg\xa0 (BVMF:WEGE3) — Comunicou aos seus acionistas e mercado em geral o encerramento da recompra de ações aprovado pelo Conselho de Administração, em que foram adquiridas 1.000.000 ações ordinárias. As ações perdiam 0,56%, a R$40,70.', 'Direcional\xa0 (BVMF:DIRR3) — Registrou lucro líquido contábil recorde de R$104 milhões, uma elevação de 365% em relação a igual período do ano passado. Os papéis recuavam 2,30%, a R$21,63.', 'Technos\xa0 (BVMF:TECN3) — A companhia reportou lucro líquido de R$15,1 milhões no 2º trimestre, crescimento de 2,6% versus o 2T22. As ações estavam estáveis, a R$3,52.', 'Vivara Participações\xa0 (BVMF:VIVA3) — A maior rede de joalherias da América Latina apresentou no segundo trimestre deste ano um lucro líquido de R$109,98 milhões, variação positiva de 23,5% frente o 2T22. Os papéis registravam queda de 2,47%, a R$29,20.', 'Grupo SBF\xa0 (BVMF:SBFG3) — A companhia divulgou um prejuízo líquido de R$32,581 milhões entre abril e junho deste ano, revertendo o lucro de R$31,673 milhões de um ano antes. As ações apresentavam estabilidade, a R$13,39.', 'JSL (BVMF:JSLG3) — Reportou lucro líquido de R$ 205,2 milhões no 2T23, alta anual de 587,8%, devido à compra da IC Transportes. Os papéis subiam 2,67%, a R$10,39.', 'Pague Menos (BVMF:PGMN3) — A rede de farmácias aprovou um aporte de até R$400 milhões visando diminuir a sua dívida. A companhia apresentou um prejuízo líquido de R$37,1 milhões no segundo trimestre deste ano, revertendo lucro de R$53,6 milhões do mesmo período de 2022. As ações estavam em leilão, a R$4,24.', 'Eletrobras (BVMF:ELET3) — A companhia registou no segundo trimestre deste ano um lucro líquido de R$1,62 bilhão, alta de 16% frente um ano antes. Ainda, contratou bancos para uma potencial emissão de debêntures de R$7 bilhões. Os papéis subiam 1,35%, a R$36,75.', 'Itaú Unibanco (BVMF:ITUB4) — A instituição financeira apresentou um lucro recorrente de R$8,74 bilhões no 2T23, expansão de 13,9% em relação a igual período do ano passado. Além disso, o app do banco passou por instabilidades nesta segunda. As ações preferenciais recuavam 1,27%, a R$27,31.', 'Petrobras (BVMF:PETR4) — O Conselho de Administração aprovou a indicação do advogado José Affonso de Albuquerque para o Comitê de Pessoas. Os papéis preferenciais apresentavam baixa de 0,93%, a R$29,91.', 'Gol (BVMF:GOLL4) — A demanda por voos da companhia aérea apresentou elevação de 6,5% em julho, na comparação anual. As ações preferenciais registravam decréscimo de 1,71%, a R$9,21.', 'Companhia Brasileira de Alumínio (BVMF:CBAV3) — A CBA reportou prejuízo líquido de R$50 milhões entre abril e junho deste ano, revertendo parcialmente lucro de R$511 milhões do mesmo período do ano passado. Os papéis despencavam 5,88%, a R$4,80.']"
16,03-08-2023 14:58:00,https://br.investing.com/news/stock-market-news/mesmo-com-corte-da-selic-ibovespa-cai-pelo-3o-dia-para-1205-mil-pontos-1140267,"Mesmo com corte da Selic, Ibovespa cai pelo 3º dia, para 120,5 mil pontos","['Vindo de duas leves perdas na abertura do mês, o Ibovespa ensaiou, até perto do fim da tarde desta quinta-feira, 3, um dia de recuperação moderada após o Comitê de Política Monetária (Copom) ter surpreendido, na noite de quarta, parte do mercado ao iniciar o ciclo de cortes da Selic com um ajuste de meio ponto porcentual, e não de 0,25 ponto. A correção mais visível nos ativos brasileiros nesta quinta-feira ocorreu na ponta curta da curva de juros, com a decisão de Minerva (BVMF:BEEF3) do presidente do BC, Roberto Campos Neto, em favor dos diretores que optaram por um corte inicial mais agressivo da taxa de juros de referência - e sinalizando outra redução de meio ponto logo à frente, no próximo Copom.', 'Em direção ao fechamento, contudo, o Ibovespa devolveu os leves ganhos vistos mais cedo e se firmou no negativo até o fim da sessão, em baixa de 0,23%, aos 120.585,77 pontos, com mínima intradia a 120.365,38 pontos, estabelecida no fim da tarde. Na abertura, marcava nesta quinta 120.859,46 pontos e, no melhor momento, chegou aos 122.619,14 pontos.', 'O giro financeiro subiu a R$ 27,2 bilhões nesta quinta-feira. Na semana, o Ibovespa ainda avança 0,33%, mas em agosto, com perdas acumuladas nas três primeiras sessões do mês, recua 1,11%, moderando o ganho do ano a 9,89%.', 'Na B3 (BVMF:B3SA3), as ações de grandes bancos, que mais cedo operavam sem sinal único, firmaram-se no campo negativo perto do fim do dia, em variações mais visíveis do que as observadas até o meio da tarde. E mesmo com a redução da Selic, as ações expostas a demanda e preços formados no exterior, como as de commodities, andaram à frente dos papéis com exposição ao ciclo doméstico, como os de consumo - por sinal, o ICON fechou o dia em baixa de 1,05%, enquanto o índice de materiais básicos (IMAT) subiu 1,01%.', 'Apesar da alta superior a 2% para os preços do petróleo na sessão, Petrobras (BVMF:PETR4) (ON +1,42%, PN +1,28%) e Vale (BVMF:VALE3) (ON +0,63%) apararam ganhos do meio para o fim da etapa vespertina, incapazes de carregar o índice da B3 em tarde bem negativa para as ações do setor financeiro, as de maior peso conjunto sobre o Ibovespa. Na ponta da carteira, Dexco (BVMF:DXCO3) (+5,27%), Prio (BVMF:PRIO3)(+4,22%), Suzano (BVMF:SUZB3) (+3,65%), Minerva (+2,93%) e Cyrela (BVMF:CYRE3) (+2,78%). No lado oposto, Via (-8,65%), Méliuz (BVMF:CASH3) (-6,24%), Alpargatas (BVMF:ALPA4) (-5,26%), Eletrobras (BVMF:ELET3) (ON -5,15%, PNB -4,89%) e Magazine Luiza (BVMF:MGLU3) (-5,11%).', 'Para os bancos, o dia chegou a se mostrar tão dividido quanto a decisão do Copom, mas o sinal que predominou no fechamento foi o negativo, com perdas que chegaram a 1,01% (Bradesco (BVMF:BBDC4) ON) - exceção, entre as maiores instituições, para Banco do Brasil (BVMF:BBAS3) (ON +0,17%). ""As ações de bancos não foram bem na sessão com a ambivalência na curva de juros - os juros mais curtos caindo e os mais longos subindo"", depois do Copom da noite anterior, diz Matheus Spiess, analista da Empiricus Research.', '""Parte do mercado esperava corte de meio ponto, passando de 13,75% para 13,25% ao ano já nesta reunião, mas esperávamos aqui uma queda menor, de 0,25 ponto, embora a gente reconhecesse a possibilidade, não irrelevante, de um ajuste maior. O \'placar\' chamou atenção: 5 a 4 pelo corte de meio ponto, com Campos Neto defendendo a queda maior"", diz Rachel de Sá, chefe de economia da Rico Investimentos.', 'Ao se avaliar a mudança neste Copom em relação ao balanço de riscos, com ênfase maior em fatores externos do que domésticos, o colegiado pareceu ter imprimido tom ""dovish"", flexível, ao comunicado da noite de quarta-feira, aponta Rachel. ""Mas houve também alguns recados \'hawkish\': não é porque começaram com corte relevante que se deve concluir que haverá aceleração de ritmo na redução da Selic. Houve tentativa de dar também um recado mais firme em relação à inflação"", acrescenta.', 'Após a relativa surpresa com a pequena margem na decisão de quarta-feira, em que Campos Neto deixou a companhia da ala da diretoria vista como mais ortodoxa (Fernanda Guardado e Diogo Guillen) em direção aos recém-chegados Gabriel Galípolo e Ailton Aquino, considerados mais alinhados ao governo, o ritmo de redução de juros é questão em aberto, que deve continuar a dividir as apostas do mercado.', '""Antecipamos nova redução de 50 pontos-base nas próximas duas reuniões, com o Copom acelerando o ritmo de cortes para 75 pontos-base em dezembro, e a Selic encerrando 2023 em 11,5%, e 2024 em 9,0%"", diz em nota Marcelo Fonseca, economista-chefe da Reag Investimentos. Ele considera que a decisão da noite de quarta foi ""compatível com a magnitude total do afrouxamento na política monetária que deveremos ter nos próximos meses.""', 'De qualquer forma, com o corte mais agressivo promovido pelo Copom, as ações brasileiras chegaram a se descolar, em boa parte da sessão, da cautela externa que ainda prevaleceu nesta quinta-feira. ""Ciclos de afrouxamento monetário costumam ser muito proveitosos para ativos de risco"", diz Matheus Spiess, da Empiricus Research.', 'No exterior, embora em grau bem menor do que o de quarta, quando os mercados reagiram mal ao rebaixamento da nota de crédito dos EUA pela Fitch, o sinal ainda foi majoritariamente negativo nesta quinta-feira para as principais bolsas. Na Europa, fecharam o dia em queda, em pregão marcado pelos dados fracos de atividade do setor de serviços e com cautela após o Banco da Inglaterra elevar o juro básico do Reino Unido em 25 pontos-base, para 5,25% ao ano.', 'Em Nova York, o dia foi de leves variações, sem sinal único ao longo do dia para as três referências, mas levemente negativo ao final (Dow Jones -0,19%, S&P 500 -0,25%, Nasdaq -0,10%). O CEO da Berkshire Hathaway (NYSE:BRKa), Warren Buffett, afirmou nesta quinta não estar preocupado com o rebaixamento do rating dos Estados Unidos pela Fitch, dizendo que sua empresa continua a comprar US$ 10 bilhões em títulos do Tesouro americano a cada semana.', 'Por sua vez, o Instituto de Finanças Internacionais (IIF) avalia que o choque de inflação nos Estados Unidos já acabou, o que abre espaço para que o Federal Reserve (Fed) corte juros em ritmo mais rápido do que o precificado pelo mercado. ""No mínimo, achamos que é hora de o Fed encerrar seu ciclo de alta"", afirma, em relatório.']"
17,29-07-2023 11:38:00,https://br.investing.com/news/stock-market-news/kabum-x-magalu-fundadores-entram-com-pedido-de-arbitragem-para-reverter-negocio-com-varejista-1137409,Kabum x Magalu: fundadores entram com pedido de arbitragem para reverter negócio com varejista,"['O imbróglio envolvendo a compra do e-commerce especializado em tecnologia Kabum! pelo Magazine Luíza ganhou mais um capítulo. Os fundadores do site, Leandro e Thiago Ramos, acionaram a Câmara de Comércio Brasil-Canadá para pedir a abertura de um processo de arbitragem contra a varejista. Eles buscam desfazer o negócio bilionário.', 'O embate envolvendo os irmãos Ramos e a varejista ganhou os noticiários em fevereiro deste ano. Leandro e Thiago foram à Justiça para pedir a produção antecipada de provas contra o Itaú BBA, responsável pelo processo de venda do e-commerce, acusando o banco de investimentos e o executivo da área de fusões e aquisições que os assessorava, Ubiratan Machado, de terem favorecido o Magazine Luiza (BVMF:MGLU3) no processo.', 'No pedido à câmara, a dupla apresenta opções que vão desde a anulação do acordo que firmou a venda do site até a indenização por parte do Magalu. A expectativa deles é conseguir garantir os valores inicialmente negociados, que giravam em torno de R$ 3,5 bilhões.', 'Questionado sobre o caso, o Itaú BBA afirmou que todas as acusações imputadas ao banco são absolutamente inverídicas. ""O Itaú BBA esclarece que a venda da empresa à varejista foi concluída após um processo competitivo, diligente e transparente, conduzido por um time de executivos ao longo de mais de 18 meses, e para o qual foram convidados mais de 20 potenciais compradores, nacionais e estrangeiros"", diz em nota.', 'Ainda sobre as acusações de favorecimento da varejista, o banco de investimentos afirmou que as alegações são ""ainda mais descabidas quando colocam suspeita sobre a parceria mantida há anos entre o Itaú (BVMF:ITUB4) e o Magalu e a participação do presidente da varejista no conselho de administração da instituição financeira"". ""Ambos são fatos públicos e notórios, de total conhecimento não apenas dos antigos acionistas do Kabum, mas do público em geral"", afirma o banco.', 'Queda no preço das ações teria iniciado crise Depois de quase dois anos negociando com diversos possíveis compradores, em julho de 2021 os irmãos Ramos venderam o e-commerce de tecnologia para o Magalu por R$ 1 bilhão à vista, em dinheiro.', 'O valor final do negócio poderia chegar a R$ 3,5 bilhões, já que parte do pagamento seria feito, em parcelas, com ações da varejista na Bolsa, a depender do desempenho do faturamento da companhia nos anos seguintes.', 'Assim, os irmãos Ramos ainda terão a receber aproximadamente 125 milhões de ações para atingir o montante de R$ 2,5 bilhões da compra do site. À época do negócio, as ações do Magalu eram negociadas por volta de R$ 23,90. Conforme apurou a reportagem, o preço negociado por ação no momento da venda do site teria sido entre R$ 20 e R$ 21 por unidade, o que garantiria o valor final de R$ 3,5 bilhões para os irmãos Ramos.']"
18,25-07-2023 08:51:00,https://br.investing.com/news/stock-market-news/ibovespa-sobe-pela-4a-sessao-seguida-e-mira-123-mil-pontos-com-china-e-alivio-no-ipca15-1135270,Ibovespa sobe pela 4ª sessão seguida e mira 123 mil pontos com China e alívio no IPCA-15,"['A valorização da maioria das bolsas internacionais estimula alta do Ibovespa, que mais tocou os 123 mil pontos, depois de fechar a segunda-feira, 24, na faixa dos 121 mil pontos, podendo ir a um quarto pregão seguido de ganhos. A promessa da China em oferecer mais estímulos à sua economia e balanços corporativos instigam ganhos nas bolsas. Em Nova York, contudo, a alta não é firme, em meio à espera da decisão do Fed sobre juros, na quarta-feira, 26.', '""Lá fora está em compasso de espera pelo Fed, que deve subir sua taxa em 0,25 ponto porcentual, após a última pausa. A dúvida serão os próximos passos. Agora, o mercado espera os balanços das gigantes de tecnologia no fim do dia"", diz Dennis Esteves, especialista em renda variável da Blue3 Investimentos.', 'Ao mesmo tempo, no Brasil, a deflação maior do que a esperada no IPCA-15 de julho e alívio nas medidas de núcleos do indicador reforçam alta do Índice Bovespa, que ontem subiu 0,94%, aos 121.341,69 pontos, no maior nível desde 1º de abril de 2022.', '""Saiu o primeiro teste da semana IPCA-15, que veio com um resultado muito bom -0,07% ante mediana de -0,03%. Além do dado em si, os preços de serviços desaceleraram. Isso favorece as ações, reforçando a ideia, o otimismo de ontem com China, ajudando os papéis da Vale a subirem mais de 7% entre ontem e agora. Estimula também outras ações expostas à China"", afirma Gabriel Mota, operador de renda variável da Manchester Investimentos.', 'No Relatório Focus divulgado nesta terça-feira, 25, também houve arrefecimento nas projeções para o IPCA fechado nos próximos anos, com exceção de 2026. A descompressão inflacionária reforça as apostas de uma queda de 0,50 ponto porcentual na Selic em agosto, como indica a curva futura de juros.', '""A deflação do IPCA-15 pode sensibilizar o Copom, mas as commodities em alta podem dificultar uma atuação mais agressiva de queda da Selic"", pondera o economista Álvaro Bandeira, em comentário matinal.', 'Em 12 meses, o IPCA-15 foi a 3,19%. ""Isso coloca ainda mais pressão sobre o BC, pois é o último dado de inflação antes do Copom de agosto. A curva de juros toda está caindo"", diz Esteves, da Blue3 Investimentos.', 'Da China, há crescentes estimativas de anúncio de ações para animar a economia, em meio a dados fracos de atividade. Na segunda-feira, o Politburo, principal órgão decisório do país, prometeu lançar uma série de medidas para ajudar a economia, com incentivos às vendas de imóveis e outros setores em dificuldades.', 'A maioria das bolsas asiáticas fechou em alta, com o minério de ferro subindo 1,36% em Dalian, o que pode impulsiona os papéis da Vale e de outros ligados ao segmento de metais. Petrobras (BVMF:PETR4) tinham elevação, seguindo o petróleo.', 'Na Europa e nos Estados Unidos, também há valorização dos índices de ações. Os resultados trimestrais da  General Electric  (NYSE:GE), General Motors (NYSE:GM) e 3M agradaram aos investidores.', 'Às 11h23 desta terça, o Ibovespa subia 0,94%, aos 122.480,18 pontos. Vale ON (BVMF:VALE3) tinha elevação de 3,65%, enquanto Petrobras avançava 0,66% (PN) e 0,44% (ON). Entre os papéis ligados ao consumo, Magazine Luiza (BVMF:MGLU3) ON subia 5,98%, puxando o grupo das maiores elevações.']"
19,21-07-2023 14:52:00,https://br.investing.com/news/stock-market-news/ibovespa-sobe-181-e-retoma-os-120-mil-pontos-na-semana-alta-e-de-213-1134345,"Ibovespa sobe 1,81% e retoma os 120 mil pontos; na semana, alta é de 2,13%","['Em dia de vencimento de opções sobre ações, o Ibovespa retomou a linha de 120 mil pontos, que costuma ser associada a uma região de resistência a ser superada para que o índice busque novas máximas no ano. Em fechamento, a marca de 120 mil não era vista desde 21 de junho, há um mês, quando o índice de referência da B3 (BVMF:B3SA3) assinalou o maior nível de encerramento desde 4 de abril de 2022. Hoje, oscilou de 118.085,75 a 120.372,77, saindo de abertura aos 118.090,40 pontos. Ao fim, mostrava alta de 1,81%, aos 120.216,77 pontos, no positivo pelo segundo dia, com giro a R$ 24,2 bilhões na sessão.', 'Na semana, o Ibovespa acumulou ganho de 2,13%, após perda de 1,00% ao longo da anterior. No mês, o índice avança 1,80%, com alta no ano a 9,55%.', 'Esta última sessão da semana foi de ganhos bem distribuídos pelas ações e os setores de maior peso no Ibovespa, com destaque para o financeiro, onde o avanço chegou a 3,27% (Bradesco (BVMF:BBDC4) PN) no fechamento do dia. As commodities também foram bem nesta sexta-feira, com Petrobras (BVMF:PETR4) em alta perto de 2% (ON +1,83%, PN +1,89%), à frente de Vale (BVMF:VALE3) (ON +0,61%). Na sessão, as ações com exposição ao ciclo doméstico, como as de consumo (ICON+1,96%), andaram mais do que as correlacionadas a preços e demanda externos, como as de materiais básicos (IMAT +0,24%).', 'Na ponta do Ibovespa no fechamento, destaque para Azul (BVMF:AZUL4) (+8,82%), Gol (BVMF:GOLL4) (+7,56%), Via (BVMF:VIIA3)(+6,84%), Magazine Luiza (BVMF:MGLU3) (+4,14%) e Soma (BVMF:SOMA3)(+3,88%). No lado oposto, apenas Gerdau (BVMF:GGBR4) (PN -1,09%) e Gerdau Metalúrgica (BVMF:GOAU4) (PN -0,62%), as duas únicas ações da carteira Ibovespa a encerrar a sessão em baixa.', '""O mercado está à espera dos balanços e as siderúrgicas tendem a sofrer um pouco mais porque, em termos de volume, os dados de produção, de vendas e de consumo estão mais fracos. Já em termos do preço de aço doméstico, notamos um prêmio bem acima do histórico de cinco anos. Por isso o contexto é mais desafiador"", diz Rafael Passos, analista da Ajax Asset.', 'No quadro mais amplo, ""o dia, desde a manhã, foi de fechamento da curva de juros em todos os vértices, dos curtos aos longos. E o dólar frente ao real, desde março, tem se enfraquecido - agora, no intradia, abaixo de R$ 4,78, importante ponto no gráfico diário, que pode dar continuidade a esse movimento principal"", diz Lucas Serra, analista da Toro Investimentos. No fechamento desta sexta-feira, o dólar mostrava queda de 0,47%, a R$ 4,7805 - na mínima de hoje, foi a R$ 4,7615.', 'Assim, com câmbio e juros futuros jogando a favor do apetite por risco, a expectativa é de que a Bolsa possa estender o movimento de recuperação, tendo se mantido lateralizada em boa parte da semana, à espera de definições essenciais logo à frente, como a deliberação do Federal Reserve sobre os juros americanos, na próxima semana, e a do Copom sobre a Selic em seguida, no começo de agosto.', 'Na sessão, o desempenho do Brent, em alta acima de 1% e de volta à casa de US$ 80 por barril, contribuiu para o avanço das ações de Petrobras, com a ON acumulando ganho de 2,33% e a PN, de 2,17%, na semana. Em meio a esforços da Opep+ de manter restrita a oferta da commodity, foi a quarta semana consecutiva de recuperação nos preços do petróleo. ""E a Rússia, aparentemente, deve entrar nessa onda de cortes mais profundos na produção a partir de agosto, após ter se mostrado contra isso na última reunião da Opep+, realizada em junho"", diz Serra, mencionando também sinais positivos sobre a demanda chinesa e indiana pela commodity, com compras recordes de petróleo a partir da Rússia.', '""Após uma semana de variação morna, o mercado retomou hoje as compras de ações, levando o Ibovespa a romper os 120 mil pontos novamente, e, ainda mais importante, sustentando esse patamar ao longo do dia"", diz Lucas Martins, especialista da Blue3 Investimentos, destacando o desempenho das ações de petróleo, de bancos e também as do consumo cíclico, ""sensíveis ao cenário de juros"". ""Como em boa parte do resto da semana, foi mais um dia sem gatilhos locais, mas o vencimento de opções sobre ações, hoje, e a expectativa para os cortes de juros deram impulso ao Ibovespa.""', 'O mercado financeiro está dividido sobre o desempenho das ações na próxima semana, segundo o Termômetro Broadcast Bolsa. Metade dos participantes (50%) acredita que a Bolsa terá uma semana de ganhos e a outra metade (50%) prevê estabilidade. Nenhum deles espera queda. Na pesquisa da semana passada, 66,67% responderam que o Ibovespa teria alta nesta semana e 33,33%, variação neutra, sem respostas indicando baixa.']"
20,17-07-2023 19:13:00,https://br.investing.com/news/markets/brco11-rbed11-e-hfof11-confira-novidades-em-fiis-ifix-fica-estavel-1132540,"BRCO11, RBED11 e HFOF11: Confira novidades em FIIs; IFIX fica estável","['Investing.com – A segunda-feira, 17, é de novidades nos Fundos de Investimentos Imobiliários (FIIs) BRESCO, RIOB ED e HTOPFOF3.', 'O Índice de Fundos Imobiliários (IFIX) ficou estável (-0,04%), aos 3.182,62 pontos.', 'Confira: Cotações dos FIIs listados na B3 (BVMF:B3SA3)']"
21,14-07-2023 11:29:00,https://br.investing.com/news/stock-market-news/varejistas-em-queda-com-dados-do-comercio-de-maio-fracos-1131893,Varejistas em queda com dados do comércio de maio fracos,"['Investing.com – Ações de varejistas apresentavam queda na manhã desta sexta-feira, 14, após dados fracos para o comércio brasileiro.', 'Às 11h21 (de Brasília), os papéis da Magazine Luiza (BVMF:MGLU3) perdiam 1,33%, a R$2,99, enquanto os da Via (BVMF:VIIA3) estavam em queda de 1,03%, a R$1,93 e os da Americanas (BVMF:AMER3) em retração de 0,89%, a R$1,12.', 'As ações da Renner (BVMF:LREN3) apresentavam baixa de 1,90%, a R$18,10, e Grupo Soma (BVMF:SOMA3) registrava desvalorização de 0,82%, a R$10,86.', 'Os BDRs do Mercado Livre (NASDAQ:MELI) (BVMF:MELI34) recuavam 0,91%, a R$45,58.', 'Dados do Instituto Brasileiro de Geografia e Estatística (IBGE) divulgados hoje mostram que o volume de vendas do comércio varejista recuou 1,0% em maio frente a abril, na série com ajuste sazonal. A média móvel trimestral atingiu -0,1%, apontou o instituto.', 'CONFIRA: Calendário Econômico do Investing.com', 'O comércio varejista apresentou retração de 1,0% em relação ao mesmo mês do ano passado, sendo esta a primeira taxa negativa após nove meses de altas. No acumulado no ano, o indicador totalizou 1,3%. Já o acumulado nos últimos 12 meses atingiu 0,8%.', 'Para os economistas do PicPay Marco Caruso e Igor Cadilhac, o número veio pior do que o esperado. “No próximo mês, o volume de vendas do varejo doméstico deve ser impulsionado pelo início do programa de incentivo aos carros populares. Ainda assim, olhando à frente, o cenário é desafiador para o comércio, que enfrenta um crédito caro e o alto comprometimento da renda das famílias”, afirmam. Ainda assim, os economistas ponderam que é preciso verificar as consequências do programa de renegociação de dívidas Desenrola e um eventual estímulo sobre os produtos eletrodomésticos.', '\n', '', ' ']"
22,11-07-2023 05:00:00,https://br.investing.com/news/stock-market-news/ibovespa-inicia-semana-em-queda-de-080-abaixo-dos-118-mil-pontos-1130450,"Ibovespa inicia semana em queda de 0,80%, abaixo dos 118 mil pontos","['Vindo de ganho de 1,25% na sexta-feira, o Ibovespa manteve variação contida nesta primeira sessão de semana que trará novos dados de inflação nos Estados Unidos, no momento em que o mercado tenta auscultar sinais do Federal Reserve quanto aos juros americanos - e os emitidos hoje vieram no sentido de novos aumentos nos custos de crédito na maior economia do globo. Apesar do avanço moderado que prevaleceu no fechamento de Nova York, e mais cedo também nos principais mercados da Europa, a cautela se impôs na B3 (BVMF:B3SA3), que operou em baixa desde a abertura, a 118.897,42 pontos.', 'Ao fim, sem catalisadores domésticos que empurrassem o Ibovespa em outra direção, o índice mostrava perda de 0,80%, aos 117.942,44 pontos, com mínima aos 117.814,49, em variação de pouco mais de mil pontos ante a abertura. O giro foi de apenas R$ 18,1 bilhões nesta segunda-feira. No mês, o Ibovespa passa a terreno negativo (-0,12%), mas no ano ainda sustenta avanço de 7,48%.', '""Dados de inflação na China - estável para o consumidor e em queda para o produtor - corroboraram a percepção de desaceleração da atividade no país asiático, que se mantém no foco de atenção dos investidores, especialmente em mercados com exposição a commodities, como o Brasil"", diz Guilherme Paulo, operador de renda variável da Manchester Investimentos. Assim, entre as ações de maior peso no Ibovespa, destaque para a queda de 1,53% em Vale ON (BVMF:VALE3) nesta segunda-feira, em dia de retração de 3,46% para o minério de ferro em Dalian, na China, e de quase 4% em Cingapura.', 'O desempenho de Petrobras (BVMF:PETR4) chegou a contribuir para mitigar o efeito negativo no Ibovespa, mas ao final as ações da empresa não mostravam sinal único, com a ON estável e a PN em leve alta de 0,17%, apesar do recuo em torno de 1% para o Brent e o WTI nesta segunda-feira. Na ponta negativa do índice nesta abertura de semana, destaque para nomes do varejo, como Renner (BVMF:LREN3) (-6,46%), Magazine Luiza (BVMF:MGLU3) (-4,09%) e Via\xa0 (BVMF:VIIA3)(-3,77%). No lado oposto, Azul (BVMF:AZUL4) (+3,11%), Ambev (BVMF:ABEV3) (+1,08%) e Raízen (BVMF:RAIZ4) (+0,95%).', 'No fechamento, o índice de consumo (ICON -0,94%), com exposição ao ciclo doméstico, teve desempenho semelhante ao do índice de materiais básicos (IMAT-0,87%), correlacionado a preços e demanda formados fora do Brasil. Entre os grandes bancos, as perdas do dia chegaram a 1,84% (BB (BVMF:BBAS3) ON) no fechamento, à exceção de Bradesco (BVMF:BBDC4) (ON +0,07%, PN +0,06%).', '""Nos Estados Unidos, as bolsas americanas operaram entre perdas e ganhos, em semana que marca o início da temporada de resultados do segundo trimestre. Empresas do setor financeiro como BlackRock (NYSE:BLK), JPMorgan (NYSE:JPM) Chase,  Wells Fargo  (NYSE:WFC) e Citi irão divulgar balanços no decorrer da semana"", diz Vanessa Naissinger, especialista da Rico Investimentos.', 'Por lá, a presidente do Federal Reserve de Cleveland, Loretta Mester, afirmou hoje que não acredita que os juros americanos estão restritivos o suficiente, de forma que deverão subir mais para conseguir controlar a pressão dos preços e trazer a inflação de volta à meta de 2%. Falando em evento na Universidade da Califórnia, ela destacou ainda que o Fed está mais perto do fim do ciclo de aperto monetário do que do início, mas ressaltou que o banco central americano está comprometido em trazer a estabilidade de preços de volta.', 'Por outro lado, nos Estados Unidos, as expectativas de inflação de um ano caíram pelo terceiro mês consecutivo, de 4,1% em maio para 3,8% em junho, segundo pesquisa do Federal Reserve de Nova York divulgada nesta segunda-feira. Foi a menor leitura desde abril de 2021, e três pontos porcentuais menor que as de junho de 2022.', 'Por sua vez, a presidente do Federal Reserve de São Francisco, Mary Daly, disse que é cedo para comemorar o fim da inflação alta nos EUA, e que as projeções que defendem mais dois aumentos de juros pela autoridade monetária até o fim de 2023 são ""realistas e razoáveis"". O aperto monetário, segundo ela, aparenta estar na etapa final.', 'Aqui, em outro ponto de destaque na agenda da semana, os investidores conhecerão amanhã, antes da abertura dos negócios, o IPCA de junho.', 'Em relatório, a equipe de pesquisa global do Bank of America (NYSE:BAC) (BofA) destaca que a América Latina está em ""posição privilegiada"" em comparação ao restante dos mercados emergentes. ""Há pouca exposição a conflitos geopolíticos, e Brasil e Chile podem estar entre os primeiros países a cortar juros"", observa o BofA, acrescentando que a inflação em ambos já está em rápido declínio. ""Os mercados de ações no Chile têm avançado desde o quarto trimestre de 2022; no Brasil, vêm em recuperação desde abril"", nota o banco americano.', 'Mas o BofA destaca também que, para o Brasil, uma questão-chave é quem estará na ponta compradora daqui para frente. ""Vimos fracas entradas de fluxo estrangeiro durante a maior parte desse rali de recuperação, e os fundos de ações locais continuam a apresentar resgates desde que os fluxos chegaram a um pico em setembro de 2021"", acrescenta o banco, no relatório.', 'Ainda assim, o BofA observa que o rali desde o fim de abril trouxe valorização de 17% para o Ibovespa, comparado a um avanço médio de apenas 2% para os mercados emergentes, em dólar.', '""A inflação abaixo do esperado contribuiu para declínio dos juros e para o prosseguimento do movimento de recuperação das ações, no Brasil"", acrescenta o relatório, em que o BofA observa também que o Ibovespa, excluindo commodities, está sendo negociado agora com apenas 5% de desconto em relação ao padrão histórico, comparado a um desconto de 26% nas mínimas de 2023.']"
23,07-07-2023 11:19:00,https://br.investing.com/news/stock-market-news/ibovespa-sobe-mais-de-1-com-avanco-de-reforma-no-congresso-e-dados-nos-eua-1129700,Ibovespa sobe mais de 1% com avanço de reforma no Congresso e dados nos EUA,"['Por Paula Arend Laier', 'SÃO PAULO (Reuters) - A bolsa paulista recuperava o viés positivo nesta sexta-feira após alguns ajustes na semana, com agentes financeiros repercutindo a aprovação do texto-base da reforma tributária pela Câmara dos Deputados, enquanto nos Estados Unidos a criação de empregos desacelerou mais do que o esperado em junho.', 'Às 11:10, o Ibovespa subia 1,12%, a 118.738,35 pontos. O volume financeiro somava 4,7 bilhões de reais.', 'Com tal desempenho, caminhava para um desempenho positivo na semana, com alta de 0,55% até o momento. Até véspera, contabilizava uma perda de 0,56%.', 'A aprovação do texto-base da Proposta de Emenda à Constituição (PEC) da reforma tributária, que ainda terá destaques sendo analisados nesta sexta-feira antes de ser encaminhada ao Senado, ocorreu com ampla margem e é um primeiro passo histórico após décadas de discussão do tema no Congresso.', '""As mudanças propostas têm o potencial de simplificar o sistema tributário, reduzir sua cumulatividade e mitigar a guerra fiscal no âmbito subnacional"", afirmou a equipe do Departamento de Pesquisas e Estudos Econômicos do Bradesco chefiado por Fernando Honorato Barbosa, em nota a clientes.', 'No exterior, a economia norte-americana abriu 209.000 vagas de emprego no mês passado, enquanto os dados de maio foram revisados para baixo. Economistas consultados pela Reuters previam criação de 225 mil empregos. A taxa de desemprego caiu para 3,6%, de 3,7% em maio.', 'De acordo com o estrategista-chefe da Avenue Securities, William Castro Alves, a criação de empregos foi menor que o esperado, o que pode ser visto como positivo, pois requer menos doses de juros olhando à frente. ""No entanto, os salários seguem pressionados, o que é um risco para o controle da inflação.""', 'Em Wall Street, o S&P 500 rondava a estabilidade.', 'DESTAQUES', '- 3R PETROLEUM ON (BVMF:RRRP3) subia 6,47%, a 32,08 reais, após divulgar dados de produção de junho. A negociação dos papéis também tinha como pano de fundo a alta dos preços do petróleo no exterior. No setor,  PETROBRAS PN  (BVMF:PETR4) mostrava elevação de 0,61% e PRIO ON tinha acréscimo de 1,76%.', '- CIELO ON (BVMF:CIEL3) avançava 5,64%, a 4,68 reais. Analistas do BTG Pactual (BVMF:BPAC11) reuniram-se na véspera com executivos da empresa, incluindo o CEO, e afirmaram que a mensagem passada por eles foi construtiva e que enfatizaram que a Cielo continuará a ser mais racional e focada em rentabilidade.', '- MAGAZINE LUIZA ON (BVMF:MGLU3) valorizava-se 2,86%, a 3,24 reais, em dia de recuperação, após fechar na véspera com queda de 7,6%. Entre as varejistas, VIA ON (BVMF:VIIA3) era negociada em alta de 1,93%, a 2,11 reais. O desempenho dos papéis era beneficiado pelo alívio na curva de juros local.', '- GPA (BVMF:PCAR3) ON avançava 3,08%, a 20,72 reais, com o papel ainda reagindo a expectativas envolvendo sua fatia no Éxito. Também no radar está o seu controlador, o francês Casino, que alertou recentemente sobre o aumento do risco de ""default"", enquanto negocia com credores e analisa ofertas.', '', '- ITAÚ UNIBANCO PN (BVMF:ITUB4) ganhava 2,24%, a 29,24 reais, respondendo por um relevante suporte ao desempenho do Ibovespa, com BRADESCO PN (BVMF:BBDC4), em alta de 1,42%, a 16,4 reais, ajudando. BANCO DO  BRASIL ON  (BVMF:BBAS3) avançava 2,37% e SANTANDER BRASIL UNIT (BVMF:SANB11) subia 1,45%.', '- VALE ON (BVMF:VALE3) caía 0,51%, a 64,52 reais, entre as poucas baixas do dia, uma vez que os futuros de minério de ferro recuaram na China. O contrato mais negociado na Dalian Commodity Exchange encerrou as negociações diurnas com queda de 1,9%, a 812,50 iuanes (112,16 dólares) por tonelada métrica.', '\xa0', '(Por Paula Arend Laier)']"
24,04-07-2023 17:03:00,https://br.investing.com/news/stock-market-news/ibovespa-recua-em-dia-morno-sem-ny-mrvco-e-gpa-avancam-1128617,Ibovespa recua em dia morno sem NY; MRV&Co e GPA avançam,"['Por Paula Arend Laier', 'SÃO PAULO (Reuters) - O Ibovespa fechou em queda nesta terça-feira, em meio a movimentos de realização de lucros e sem a referência de Wall Street por feriado nos Estados Unidos, enquanto MRV&Co avançou quase 7% após dados operacionais do segundo trimestre e anúncio de que estuda uma potencial oferta de ações.', 'Índice de referência do mercado acionário brasileiro, o Ibovespa caiu 0,5%, a 119.076,37 pontos. No pior momento, chegou a 118.830,47 pontos.', 'O volume financeiro somou 12,7 bilhões de reais, bem abaixo da média diária do ano de 26 bilhões de reais. No mês passado, o giro médio diário foi de quase 29,6 bilhões de reais. As bolsas norte-americanas estiveram fechadas nesta sessão por causa do feriado pelo Dia da Independência nos Estados Unidos.', 'De acordo com o especialista da Blue3 Investimentos Victor Hugo Israel, foi um pregão bastante morno, com a liquidez drenada pelo feriado nos EUA. Ele classificou a queda do Ibovespa como movimento técnico, chamando a atenção para visão de analistas de que a tendência positiva na bolsa deve seguir.', 'Na véspera, o Ibovespa fechou em alta de mais de 1%, a 119.672,78 pontos, chegando a 119.877,04 pontos na máxima da segunda-feira.', '- MRV&CO ON (BVMF:MRVE3) avançou 6,96%, a 11,99 reais, após dados mostrando que a divisão de incorporação teve o melhor trimestre de vendas líquidas da história, totalizando um valor geral de vendas (VGV) de 2,2 bilhões de reais no período de abril a junho, com aumento do tíquete médio. Além disso, a companhia anunciou que avalia a possibilidade de uma oferta de ações e que já contratou bancos para analisar a viabilidade do potencial follow-on. No setor imobiliário, CYRELA ON (BVMF:CYRE3) cedeu -1,05%.', '- GPA ON (BVMF:PCAR3) subiu 9,94%, a 20,35 reais, após atualizar a expectativa para a conclusão da segregação do Éxito para a metade do terceiro trimestre deste ano. A varejista disse que emitiu na segunda-feira o pedido público para registro do Éxito perante à SEC, órgão que regula o mercado de capitais nos EUA. Notícias de que o magnata colombiano Jaime Gilinski, que fez recentemente uma oferta -- recusada -- pela participação do GPA no Éxito, está no Brasil também repercutiram.', '- BRASKEM PNA (BVMF:BRKM5) fechou em alta de 5,35%, a 28,94 reais, em meio a noticiário envolvendo negociação sobre o controle da petroquímica. A Novonor convidou a Unipar (BVMF:UNIP3) -- que fez proposta pelo controle da Braskem -- para começar due diligence, visando a apresentação de uma oferta final vinculativa. A Unipar disse que recebeu da Novonor sinalização de que a estrutura da operação pretendida atende aos seus interesses. O movimento não representa concessão de exclusividade nas negociações.', ""- REDE D'OR ON (BVMF:RDOR3) caiu 3,67%, a 32,25 reais, após alta de 4,6% no acumulado dos últimos três pregões. Na véspera, o Supremo Tribunal Federal (STF) fixou o entendimento de que é necessária uma negociação prévia entre os envolvidos para a fixação do piso nacional da enfermagem aos trabalhadores do setor privado. Se não houver acordo em um prazo de 60 dias, valerão as regras previstas na lei do ano passado que instituiu o piso. No setor, HAPVIDA ON (BVMF:HAPV3) recuou 2,26%."", '- BRADESCO PN (BVMF:BBDC4) fechou em baixa de 0,62%, a 16,54 reais, também sofrendo com algum movimento de realização de lucros, enquanto ITAÚ UNIBANCO PN (BVMF:ITUB4) cedeu 0,62%, a 28,78 reais. Ainda entre os grandes bancos do Ibovespa, SANTANDER BRASIL UNIT (BVMF:SANB11) encerrou com declínio de 2,04% e BANCO DO  BRASIL ON  (BVMF:BBAS3) terminou o dia com decréscimo de 0,64%.', '- VALE ON (BVMF:VALE3) caiu 0,5%, a 65,9 reais. O contrato futuro do minério de ferro mais negociado na Dalian Commodity Exchange (DCE), na China, terminou o pregão diurno pouco alterado, em 821 iuanes (113,86 dólares) a tonelada. O contrato de referência na Bolsa de Cingapura subiu 0,5%.', '', '-  PETROBRAS PN  (BVMF:PETR4) subiu 0,23%, a 30,15 reais, endossada pela alta dos preços do petróleo no exterior. No noticiário, a ANP afirmou que a produção de petróleo do Brasil somou média de 3,2 milhões de barris de petróleo por dia em maio, alta de 1,9% ante o mês anterior e aumento de 11,2% ano a ano.', '- MAGAZINE LUIZA ON (BVMF:MGLU3) cedeu 2,03%, a 3,37 reais, após subir 2% na véspera, retomando o viés de baixa que marcou a maior parte do mês passado, quando acumulou perda de mais de 11%, enquanto o Ibovespa subiu 9%. As negociações tiveram como pano de fundo a alta das taxas futuras de juros com vencimentos mais longos. No setor, VIA ON (BVMF:VIIA3) fechou em baixa de 0,46%, enquanto o índice do setor de consumo, que inclui também papéis de educação, frigoríficos e construtoras, caiu 0,75%.', '-  USIMINAS PNA  (BVMF:USIM5) avançou 0,97%, a 7,32 reais, em meio a dados mostrando crescimento nas vendas de veículos no país em junho e notícia de que o atual presidente da Ternium Brasil, o argentino Marcelo Chara, será o novo presidente da siderúrgica. De acordo com o Valor Econômico, citando fontes, o executivo assumirá o lugar de Alberto Ono, indicado ao cargo pela Nippon Steel há cerca de dois anos. No setor, CSN ON (BVMF:CSNA3) subiu 0,08% e GERDAU PN (BVMF:GGBR4) caiu 0,19%.']"
