,url,titulo,data,hora,texto
0,https://br.investing.com/news/stock-market-news/ibovespa-sobe-078-no-dia-aos-1141-mil-pontos-mas-recua-206-na-semana-1163572,"Ibovespa sobe 0,78% no dia, aos 114,1 mil pontos, mas recua 2,06% na semana",06.10.2023,14:58,"['Apesar da reação dos mercados a princípio cautelosa quanto à forte leitura oficial sobre o mercado de trabalho norte-americano em setembro, divulgada pela manhã, o Ibovespa acentuou ganhos e conseguiu retomar a linha dos 114 mil pontos no fechamento desta sexta-feira, 6, em linha com a melhora do humor externo ao longo da tarde, após ter recuado aos 111.598,57, na mínima, mais cedo. Em Nova York, os três principais índices de ações encerraram o dia com ganhos entre 0,87% (Dow Jones) e 1,60% (Nasdaq) - e apenas o Dow Jones cedeu terreno na semana, levemente (-0,30%).', 'Por sua vez, o índice da B3 (BVMF:B3SA3) não conseguiu evitar perda de 2,06% na primeira semana de outubro, vindo de ganho de 0,48% na anterior.', 'Nesta sexta, subiu 0,78%, aos 114.169,63 pontos, não muito distante da máxima do dia, de 114.491,00, em alta então pouco acima de 1%, saindo de abertura a 113.282,50. O giro financeiro subiu a R$ 23,1 bilhões nesta última sessão da semana. No ano, o índice avança 4,04%.', 'Nos picos da sessão, renovados a partir do meio da tarde, o Ibovespa contou com forte apoio das grandes ações de commodities (Petrobras ON (BVMF:PETR3) +2,51%, PN +2,38%; Vale ON (BVMF:VALE3) +1,46%, no fechamento), que buscavam então as respectivas máximas do dia, e do setor financeiro, com destaque para Banco do Brasil (BVMF:BBAS3) ON, que mostrou ganho de 4,07%, em sexta-feira na qual Itaú (BVMF:ITUB4) (PN) subiu 0,94% e Santander (BVMF:SANB11) (Unit), 1,91%.', 'No encerramento, além das duas ações de Petrobras (BVMF:PETR4), que andaram bem à frente das cotações do petróleo na sessão, e de Banco do Brasil, destaque também para alta de 8,93% em Grupo Casas Bahia e de 3,22% para Carrefour (BVMF:CRFB3) Brasil. Na ponta oposta, Yduqs (BVMF:YDUQ3) (-7,66%), Petz (BVMF:PETZ3) (-5,03%) e Cogna (BVMF:COGN3) (-3,49%).', 'Nos Estados Unidos, o relatório oficial sobre o emprego em setembro mostrou um ""mercado de trabalho ainda muito aquecido, com criação de vagas bem acima do esperado"", diz Helena Veronese, economista-chefe da B.Side Investimentos. ""E, além disso, os números de julho e agosto foram revisados para cima, o que mostra que a suposta acomodação naqueles meses, que havia acalmado então os mercados, não aconteceu"", acrescenta a economista, observando que a situação do mercado de trabalho americano corrobora o cenário de inflação pressionada nos EUA e de juros altos por mais tempo na maior economia do globo - e com chance ainda de aumento.', '""Com juro americano de 10 anos a 4,7% ou 4,8% em um ativo considerado livre de risco, é muito mais interessante para o investidor obter essa remuneração, em dólar, do que colocar dinheiro em bolsas ou moedas de países emergentes. Essa reprecificação em cima de juros ocorre também nos Estados Unidos, com os investidores optando por renda fixa. Um movimento que deve prosseguir, com a retirada de recursos de emergentes em direção aos juros longos americanos"", diz.', 'Ainda que a retomada desta tarde venha a se mostrar pontual, o mercado tomou nota, em segundo momento, dos sinais emitidos no mesmo payroll de setembro quanto a arrefecimento no ritmo de alta da renda salarial média, o que contribui para mitigar, em parte, os temores sobre inflação e juros. Contudo, o cenário de fundo, especialmente para emergentes como o Brasil, permanece o mesmo: desafiador.', '""Em setembro, vimos o investidor estrangeiro retirar R$ 1,5 bilhão da Bolsa brasileira. Seguindo a tendência negativa, o institucional (investidores profissionais e fundos em geral) também foi vendedor no mês, levando R$ 3,1 bilhões da Bolsa. Sobre os próximos capítulos, não esperamos muita mudança; a estrela deste enredo deve continuar sendo a taxa de juros nos EUA"", observa em relatório o estrategista de ações para pessoa física do Itaú BBA, Victor Natal.', 'No mês de outubro até o momento, considerando apenas os investidores estrangeiros, houve retirada de R$ 1,111 bilhão da B3, resultado de compras acumuladas de R$ 30,216 bilhões e de vendas de R$ 31,327 bilhões no intervalo até a quarta-feira, dia 4 - ou seja, um período de três sessões, iniciado na segunda-feira. No ano, o capital externo ainda está positivo em R$ 8,122 bilhões, de acordo com os dados da B3 reportados por Caroline Aragaki, do Broadcast, sistema de notícias em tempo real do Grupo Estado.', '""O mercado iniciou esta semana sob forte pressão, com duas perdas expressivas, na segunda -1,29% e na terça -1,42%, com volumes ainda fracos, mas inclinado a vendas. Hoje, tivemos uma inversão ao longo do dia, na direção de compras à tarde, depois da reação inicial, muito negativa, ao payroll, de manhã. Assim, houve mais de 2,5% de oscilação entre mínima e máxima do dia, com a Bolsa chegando a mostrar queda de mais de 1%, no pior momento"", diz Thiago Lourenço, operador de renda variável da Manchester Investimentos. ""Hoje, o mercado mostrou interesse em defender a região dos 112 mil pontos, muito importante, consolidada ao longo do mês de maio. Agora, pode talvez buscar as resistências dos 115 mil e 117 mil pontos.""', '""O mercado brasileiro demorou para reprecificar a alta de juros dos EUA"", avalia o economista José Cláudio Securato, CEO da Saint Paul Escola de Negócios. ""As recentes indicações de que o ciclo de aperto monetário do Fed BC dos EUA não chegou ao fim fizeram o mercado reagir: real se desvalorizou, investidores deixaram o Brasil, a Bolsa caiu e os juros futuros dispararam"", acrescenta. ""Tudo isso coloca um pouco de pressão nas próximas decisões do Copom sobre a Selic: o quase consenso sobre queda já encontra questionadores, com o argumento de que o fiscal não melhorou no Brasil e de que as taxas de juros nos Estados Unidos estão altas demais.""', 'Ainda assim, para a maioria dos participantes do Termômetro Broadcast Bolsa desta sexta-feira, o Ibovespa terá desempenho positivo na próxima semana. Os que esperam alta para o índice são 62,50%, melhor marca desde o fim de agosto, quando também ficou em 62,50%. Os que acreditam em estabilidade são 25,00%, enquanto 12,50% prevê queda. No Termômetro da semana passada, as expectativas eram de ganho para 50,00%; de variação neutra para 37,50%; e de baixa para 12,50%.']"
1,https://br.investing.com/news/stock-market-news/presidente-da-petrobras-diz-que-nao-faz-sentido-pressionar-ibama-1162341,Presidente da Petrobras diz que não faz sentido pressionar Ibama,03.10.2023,19:45,"['O presidente da Petrobras (BVMF:PETR4), Jean Paul Prates, defendeu nesta terça-feira (2) uma boa relação com o Instituto Brasileiro do Meio Ambiente e dos Recursos Naturais Renováveis (Ibama) na busca por licença para perfurar poços de petróleo na Margem Equatorial (BVMF:EQTL3) – área marítima que se estende por mais de 2,2 quilômetros a partir da costa, desde o Amapá até o Rio Grande do Norte.\xa0', '“Faz parte das licitudes de uma empresa de exploração e produção enfrentar, não no sentido bélico, a situação do licenciamento ambiental de forma correta, de forma responsável, demorando o tempo que tiver que demorar. Evidentemente, não faz sentido ficar pressionando, nem ficar dizendo que o Ibama é isso ou aquilo, que está impedindo isso ou aquilo. Eles estão fazendo o que devem fazer”, afirmou Prates, durante evento de comemoração pelos 70 anos da Petrobras, no Rio de Janeiro.', 'Por causa do potencial atribuído à região, a Margem Equatorial está sendo chamada de novo pré-sal. Prates explicou que o período exploratório de um contrato de concessão pode levar de três a nove anos e que “o período de licenciamento pega pelo menos um terço, às vezes, dois terços disso”.', 'Na segunda-feira (2), o Ibama renovou a licença de operação para a Petrobras perfurar dois poços na Bacia Potiguar, que abarca o litoral do Rio Grande do Norte e do Ceará.', 'Em maio, o Ibama negou a licença para perfuração na Bacia da Foz do Amazonas, no litoral do Pará e do Amapá. A área é considerada de grande potencial, mas fica em uma região de extrema sensibilidade socioambiental, e o Ibama barrou a autorização “em função do conjunto de inconsistências técnicas”.', 'Prates informou que a perfuração na Bacia Potiguar deve começar em duas ou três semanas, depois que terminar o processo de limpeza do casco da sonda, que está no litoral do Sudeste. “Aqui no Sudeste existe um fenômeno chamado coral-sol, que obriga a gente, quando leva um equipamento daqui para a costa do Nordeste, portanto para Margem Equatorial, a raspar o casco se já estiver incrustrado”, explicou.', 'Sobre a Foz do Amazonas, o presidente da Petrobras informou que todas as exigências do Ibama foram cumpridas e que “as discussões vão se intensificar”. Prates deixou claro que “tudo vai depender do Ibama, é o órgão ambiental que, nesse momento, vai dar o ritmo do atendimento dessas licenças”. A Petrobras fez, no ano passado, o pedido de licença para 16 poços na Margem Equatorial.', 'Prates disse que a nova política de preços da Petrobras diminui a volatilidade causada pela flutuação do custo do barril de petróleo no cenário internacional, mas advertiu que a redução na exportação de diesel por parte da Rússia cria uma “tempestade perfeita”, que reduz a oferta do combustível no Brasil, o que pressiona os preços para cima.', '“Nós estamos analisando a possibilidade, ou não, de outro reajuste antes do final do ano”. O último reajuste da Petrobras para o diesel e a gasolina foi em meados de agosto . “A gente tem que administrar quanto tempo vai durar [a pressão de preços no exterior] e quanto a gente tem de colchão para aguentar essa volatilidade”, completou.', 'Impossibilitado de comparecer à cerimônia por causa de uma cirurgia no quadril à qual foi submetido na última sexta-feira (29), o presidente Luiz Inácio Lula da Silva fez pronunciamento por meio de um vídeo gravado. Lula parabenizou a empresa pelos 70 anos, criticou tentativas de privatização e a venda de ativos da estatal nos últimos anos, e destacou o papel de pesquisa da companhia, que ele chamou de “mais extraordinária empresa brasileira”.O presidente pediu ainda mais participação da estatal no papel de transição energética. “Embora seja uma empresa de petróleo, óleo e gás, a Petrobras tem que estar envolvida em toda a questão climática, em toda essa aquisição energética, sobretudo essa inovação de energia não poluente, de energia não fóssil, porque temos eólica, temos solar, temos hidrogênio verde, biomassa, temos etanol. Ou seja, a megaoportunidade que este país tem de ser o maior centro de atração de produção de energia renovável do mundo, obviamente, que vai depender muito do esforço da nossa querida Petrobras.”', 'Lula lembrou a importância para o desenvolvimento do país da descoberta do petróleo no pré-sal, no começo do segundo mandato dele, em 2007. Ele disse acreditar que “mesmo quando, um dia, acabar o petróleo, a Petrobras ainda será a grande empresa de energia deste país”.', 'Em setembro, a Petrobras anunciou um acordo com a WEG (BVMF:WEGE3), empresa de equipamentos eletroeletrônicos, para desenvolver o maior aerogerador do país. Além disso, solicitou ao Ibama licença para a geração de energia eólica offshore, ou seja, fora do continente, tornando-se a empresa com maior potencial de geração eólica do Brasil.', 'O secretário de Petróleo, Gás Natural e Biocombustíveis do Ministério de Minas e Energia, Pietro Mendes, também presidente do Conselho de Administração da Petrobras, representou o ministro Alexandre Silveira.', 'Destacando que a companhia tem avançado na produção de petróleo com baixa emissão de gases do efeito estufa, o secretário do MME fez a ressalva de que continuar investindo em combustíveis fósseis é essencial para a segurança energética do país. “O Brasil não tem que ser um dos primeiros a reduzir. Outros países precisam baixar antes.”', 'A Petrobras é uma das produtoras de petróleo com menos emissões do mundo, tendo reduzido as emissões absolutas de gases de efeito estufa nas suas operações em 39% entre 2015 e 2022.', 'Pietro Mendes destacou os esforços da Petrobras para garantir autossuficiência na produção de petróleo e defendeu que a estatal reforce a atuação em cadeias da indústria do petróleo, como refino, petroquímica e produção de fertilizantes. “É o sistema Petrobras de volta.”', 'A posição do secretário Pietro Mendes vai ao encontro da defendida pelo presidente da estatal. Jean Paul Prates quer que a Petrobras tenha mais proximidade com o consumidor final dos combustíveis e derivados. Ele lembrou que a companhia tem negociações com a empresa Vibra Energia (BVMF:VBBR3) sobre o uso da marca BR nos postos de combustíveis. A Vibra é o novo nome da BR Distribuidora, subsidiária da Petrobras vendida em 2021 e que tem o direito de usar a marca BR nos postos até 2029, condicionado ao pagamento de royalties, prorrogáveis por mais dez anos.', 'Prates descartou simplesmente desfazer o negócio e explicitou um bom diálogo com a companhia privada. “Não é uma tecla que volta as coisas, não é assim, tipo, vai lá e compra a Vibra de volta, ou faz uma operação estrambólica só para ter os postos etc. Vai passar por conversas com a Vibra, que é o nosso principal parceiro em compra de combustíveis”, disse Prates, acrescentando que vai rever, no ano que vem, detalhes do contrato de cessão de uso da marca.', 'Para Prates, outra forma de a Petrobras chegar ao consumidor final pode ser por meio de energia elétrica gerada a partir de fontes renováveis. “Vamos vendo como montar esse quebra-cabeça. Isso faz parte do processo da transição energética, dentro da Diretoria de Transição Energética e Sustentabilidade. A gente pode tentar chegar, pelo menos, em consumidores de grande porte”, sugeriu.', 'A cerimônia de comemoração dos 70 anos da Petrobras foi no Centro de Pesquisas, Desenvolvimento e Inovação Leopoldo Américo Miguez de Mello (Cenpes), considerado um dos maiores centros de pesquisa da América Latina. O evento foi comandado pelo humorista Marcelo Adnet e teve participação da Orquestra Sinfônica da Petrobras, com regência do maestro Isaac Karabtchevsky.', 'Entre os convidados, funcionários da companhia, autoridades e representantes de projetos sociais patrocinados pela estatal. Houve uma homenagem póstuma a Eugênio Antonelli, primeiro funcionário da companhia, que era conhecido como “Crachá 01”.', 'Criada em 3 de outubro de 1953, durante o segundo governo do presidente Getulio Vargas, a Petrobras é consequência direta da campanha O Petróleo é Nosso, de cunho nacionalista.', 'Hoje a companhia é a maior operadora de petróleo em alto-mar do mundo, com 56 plataformas, que aumentarão para 72 em 2027. A companhia tem uma cadeia de fornecedores com mais de 234 mil empresas cadastradas.Em 2022, foi responsável por US$ 27,5 bilhões em exportação de petróleo e derivados, o correspondente a 8% das exportações brasileiras. No ano passado, a empresa pagou R$ 279 bilhões em tributos e participações especiais nas esferas federal, estadual e municipal.', 'A companhia tem 37 mil funcionários, produção diária de 2,15 milhões de barris de óleo por dia, vindos de mais de 5 mil poços de extração. A estatal opera dez refinarias, três unidades de produção de biocombustíveis, uma usina solar e 14 termelétricas.']"
2,https://br.investing.com/news/commodities-news/petrobras-recebe-licenca-do-ibama-para-poco-na-margem-equatorial-diz-ministerio-1161328,Petrobras planeja poço na Margem Equatorial em outubro após sinal verde do Ibama,30.09.2023,11:48,"['Por Bernardo Caram e Marta Nogueira', 'BRASÍLIA (Reuters) -A Petrobras (BVMF:PETR4) planeja iniciar a perfuração de poço na Bacia Potiguar no próximo mês, após receber na véspera aprovação do Ibama para realizar duas perfurações exploratórias na região, que integra a Margem Equatorial (BVMF:EQTL3) brasileira, informou a petroleira neste sábado.', 'A companhia informou que já recebeu Guia de Recolhimento do Ibama, em procedimento que precede a emissão da licença ambiental para a perfuração dos poços no bloco marítimo BM-POT-17, em águas profundas da Bacia Potiguar.', '""O primeiro poço será perfurado a 52 km da costa. A previsão é receber o documento na segunda-feira (2/10), após conclusão de procedimentos administrativos para sua liberação"", disse a Petrobras na nota.', '""Com a pesquisa exploratória, a companhia pretende obter mais informações geológicas da área para avaliar a viabilidade econômica e a extensão da descoberta de petróleo realizada em 2013 no poço de Pitu. Não há produção de petróleo nessa fase.""', 'Pitu já havia recebido um poço de extensão, também com descoberta, em 2015, o último a ser realizado em toda a Margem Equatorial brasileira, que engloba bacias marítimas do Rio Grande do Norte ao Amapá.', 'A Bacia Potiguar abrange porções marítimas dos Estados do Rio do Grande do Norte e do Ceará.', 'O avanço exploratório na Margem Equatorial divide opiniões no governo, uma vez que a região tem grande potencial para descobertas de petróleo, mas também enormes desafios socioambientais, em momento em que o mundo caminha em busca de uma transição energética para uma economia de baixo carbono.', 'A aprovação em Potiguar vem após o Ibama ter negado em maio a perfuração de um poço na Bacia da Foz do Rio Amazonas, no litoral do Amapá, alegando que a companhia não teria cumprido pré-requisitos. A Petrobras, por sua vez, propôs melhorias no plano de exploração e apresentou recurso. O Ibama não tem um prazo exato para responder.', 'No comunicado deste sábado, sobre Pitu, a Petrobras afirmou que ""atendeu a todos os requisitos e procedimentos solicitados pelo Ibama, em cumprimento e zelo pelo rigor que esse tipo de licenciamento ambiental exige"", disse a petroleira.', 'Como última etapa de avaliação, a Petrobras ressaltou ter realizado, entre 18 e 20 de setembro, um simulado in loco, denominado Avaliação Pré-Operacional (APO), por meio do qual o Ibama avaliou a capacidade da Petrobras de dar resposta a um evento acidental envolvendo vazamento de petróleo.', 'A APO contou com mais de 1000 pessoas, quatro aeronaves, cinco ambulâncias, 70 veículos terrestres e mais de 60 embarcações para as ações de simulação de contenção e recolhimento de petróleo, proteção costeira e de monitoramento, resgate e atendimento à fauna.', 'A Petrobras colocou ainda em ação, durante a APO, mais de 80 profissionais, incluindo biólogos e veterinários, além de 300 agentes ambientais, mais de 30 forças-tarefas atuando no mar e nas praias, nove embarcações dedicadas ao monitoramento e tratamento de animais, além de unidades de recepção e estabilização de fauna ao longo das praias.', 'A petroleira destacou que o projeto de avaliação da descoberta de Pitu, na Bacia Potiguar, está previsto no atual Plano Estratégico da Petrobras, para o período entre 2023 e 2027.', 'A companhia planeja perfurar 16 poços exploratórios na Margem Equatorial, em cinco anos. O investimento previsto para a região é de cerca de 3 bilhões de dólares, direcionado para projetos de pesquisa e investigação do potencial petrolífero da região.', '', 'Descobertas recentes anunciadas em regiões contínuas a essas fronteiras, especialmente nos vizinhos Guiana e Suriname, indicam relevante potencial de produção de petróleo para a região brasileira.', 'Na noite de sexta-feira, o Ministério de Minas e Energia afirmou em nota que as reservas estimadas na Margem Equatorial ""têm enorme potencial para desenvolver as regiões Norte e Nordeste, atrair investimentos e trazer benefícios econômicos e sociais para as populações dos estados e municípios da região"".', '(Por Marta Nogueira; edição de Bernardo Caram)']"
3,https://br.investing.com/news/politics/no-momento-nao-ha-chance-de-faltar-diesel-diz-silveira-1160385,"No momento não há chance de faltar diesel, diz Silveira",27.09.2023,22:56,"[' O ministro de Minas e Energia, Alexandre Silveira, disse nesta 4ª feira (27.set.2023) que está tranquilo em relação à possibilidade de desabastecimento de diesel no país. Em conversa com jornalistas, Silveira minimizou os impactos da restrição da Rússia à exportação do combustível e afirmou que o Brasil importa uma quantidade baixa de diesel.', '“O Brasil não é autossustentável na produção de diesel, mas é muito perto de ser. Nós só importamos cerca de 20% do diesel consumido no país”, afirmou o ministro. “Nós temos a maior tranquilidade no momento, mas o ministério trabalha de forma incansável para garantir o suprimento de combustíveis e energia elétrica para o país”.', 'A Rússia anunciou na última 5ª feira (21.set) um corte de 30% nas suas exportações de diesel e óleo cru. Segundo o governo russo, essa limitação visa a abastecer o mercado doméstico frente à paralisação para manutenção de algumas refinarias.', 'A notícia causou preocupação no Brasil, porque embora o país importe uma parcela pequena de diesel para abastecer as necessidades do mercado interno, 75% desse combustível comprado fora do Brasil vinha da Rússia.', 'Diante desse cenário, Silveira tratou de tranquilizar a população sobre um possível desabastecimento do diesel, o que não vai ocorrer, diferentemente de um aumento no preço do combustível.']"
4,https://br.investing.com/news/general/day-trade-na-b3-o-que-comprar-e-vender-nesta-segundafeira-1158799,Day Trade na B3: O que comprar e vender nesta segunda-feira,22.09.2023,20:14,"['Investing.com - O Pagbank divulgou aos seus clientes, na noite da última sexta-feira (22), as indicações para operações de day trade recomendadas para esta segunda-feira, 25 de setembro. A indicação da corretora é de não entrar antes ou depois da ativação do preço de entrada da operação. Além disso, é sugerido o ajuste do stop para o preço de entrada quando a parcial é atingida.', 'Veja a seguir as operações indicadas de compra e venda para hoje:']"
5,https://br.investing.com/news/politics/petrobras-anuncia-1a-gasolina-carbono-neutro-no-brasil-1157568,Petrobras anuncia 1ª gasolina carbono neutro no Brasil,19.09.2023,21:21,"[' A Petrobras (BVMF:PETR4) anunciou nesta 3ª feira (19.set.2023) o lançamento da Gasolina Petrobras Podium carbono neutro. Segundo a estatal, essa é a 1ª gasolina do mercado brasileiro a carregar esse título.', 'Com o novo combustível, os gases de efeito estufa emitidos em todas as etapas do ciclo de vida do combustível serão totalmente compensados com ações de preservação ou de recuperação florestal de biomas nacionais.', 'A Gasolina Petrobras Podium existe desde 2002 e vem sendo aprimorada a partir de então. É um combustível de alta performance, tem o menor teor de enxofre do mercado e a maior octanagem de fábrica.', 'Dessa forma, a gasolina melhora o desempenho do veículo, colabora para a eficiência do transporte e reduz a emissão de gases de efeito estufa.', 'Para agregar o título de carbono neutro ao combustível, a Petrobras informa que recorreu à metodologia de ACV (Avaliação do Ciclo de Vida).', 'Por meio da ACV, são mensurados os gases de efeito estufa emitidos pelo produto, considerando todo o ciclo de vida do combustível, envolvendo:', '', 'Segundo a Petrobras, as emissões da Gasolina Petrobras Podium serão previamente compensadas antes mesmo da venda ao consumidor.', 'A estatal se diz comprometida em ampliar investimentos em soluções de baixo carbono e em oferecer produtos mais sustentáveis e eficientes.', 'Produzida na Refinaria Presidente Bernardes, em Cubatão (SP), a Petrobras Podium não é encontrada em qualquer revenda, estando disponível, exclusivamente, em postos da empresa selecionados nas principais cidades do país.', '', 'Em outras palavras, os créditos são uma moeda que as empresas podem comprar para compensar as emissões decorrentes de sua operação e do uso de seus produtos.', 'O fortalecimento do mercado de carbono tem sido apontado por ambientalistas como estratégia importante para combater o aquecimento global.', 'Ele é dos instrumentos indicados para o cumprimento das metas do Acordo de Paris, assinado em 2015 por quase 200 países, incluindo o Brasil, que se comprometeram a adotar medidas para reduzir as emissões de gases de efeito estufa.', 'Há cerca de 10 dias, a Petrobras anunciou sua entrada nesse mercado, ao adquirir 175 mil créditos de carbono gerados por ações de preservação da Floresta Amazônica. Cada crédito viabiliza a neutralização da emissão de uma tonelada de gás carbônico equivalente.', 'Com informações da Agência Brasil.', 'Leia mais em Poder360']"
6,https://br.investing.com/news/politics/relatorio-do-cnj-sobre-a-lava-jato-nao-tem-base-em-fatos-diz-moro-1156521,"Relatório do CNJ sobre a Lava Jato não tem base em fatos, diz Moro",16.09.2023,12:48,"[' O ex-juiz da Lava Jato e atual senador, Sergio Moro (União-PR), rebateu na 6ª feira (15.set.2023) o relatório do CNJ (Conselho Nacional de Justiça) que concluiu que houve uma “gestão caótica” nos acordos de leniência e de delação da operação. Para Moro, o documento é “uma mera opinião preliminar da Corregedoria do CNJ sem base em fatos”.', 'O senador publicou um longo texto em seu perfil no X (ex-Twitter) para se defender do relatório do CNJ. Segundo o ex-juiz da 13ª Vara Federal de Curitiba, “chama a atenção a opinião da corregedoria de que os valores depositados em juízo não deveriam ser devolvidos à Petrobras (BVMF:PETR4) antes do trânsito em julgado”.']"
7,https://br.investing.com/news/politics/petrobras-mira-10-areas-para-instalacao-de-eolicas-offshore-1155592,Petrobras mira 10 áreas para instalação de eólicas offshore,13.09.2023,18:59,"['A Petrobras (BVMF:PETR4) informou nesta 4ª feira (13.set.2023) que protocolou junto ao Ibama (Instituto Brasileiro do Meio Ambiente e dos Recursos Naturais Renováveis) 10 estudos para licenciamento ambiental na costa brasileira. Em nota, a estatal explicou que avalia o potencial dessas áreas para a instalação de parques de eólica offshore, modalidade em que as torres de energia ficam instaladas em alto mar. Eis a íntegra do comunicado (PDF – 183 KB).', 'Segundo uma avaliação preliminar da estatal, esses territórios têm um potencial para o desenvolvimento de projetos eólicos com capacidade de até 23 GW (gigawatts). A partir desses dados, a Petrobras passou a ser a empresa com o maior potencial de geração de energia eólica offshore no Brasil em capacidade protocolada junto ao Ibama.', 'Ao todo são 7 áreas no Nordeste (3 no Rio Grande do Norte, 3 no Ceará e uma no Maranhão); 2 no Sudeste (uma no Rio de Janeiro e uma no Espírito Santo) e uma no Sul (no Rio Grande do Sul).', 'Dentre esses territórios selecionados, a Petrobras destacou que a do Rio de Janeiro é a mais desafiadora. Isso porque a profundidade no local é superior a 100 metros, o que impossibilita a instalação de torres com bases fixas. Logo, as usinas eólicas teriam que ser flutuantes.', 'Apesar da dificuldade logística, a área no Rio de Janeiro apresenta uma vantagem por estar próxima de campos produtores de petróleo. Diante disso, a Petrobras vislumbra a oportunidade de construir usinas eólicas para abastecer suas plataformas na região.', 'Fonte: Petrobras No comunicado, a estatal também destacou que esses pedidos evidenciam o interesse da companhia em se estabelecer na indústria eólica offshore com projetos próprios. A Petrobras enxerga com bons olhos essa transição para fontes renováveis e possui um acordo com a Equinor para o desenvolvimento de outros 7 parques eólicos.', 'Contudo, esses novos pedidos para o Ibama indicam, até o momento, que a Petrobras planeja se aventurar em novos empreendimentos sozinha. Os pedidos de licenciamento não garantem a exclusividade da estatal para explorar essas regiões, o que deve acontecer somente após processo a ser conduzido.', 'Leia mais em Poder360']"
8,https://br.investing.com/news/forex-news/dolar-a-vista-encerra-a-sessao-de-lado-mas-acumula-alta-de-086-na-semana-1154019,"Dólar à vista encerra a sessão de lado, mas acumula alta de 0,86% na semana",08.09.2023,15:17,"['O último pregão da semana foi de estabilidade para o dólar na comparação com o real, com a moeda oscilando entre perdas e ganhos ao longo do dia, mas terminando a sessão praticamente inalterada, dada a falta de notícias e indicadores capazes de sanar as dúvidas do mercado quanto à trajetória dos juros americanos e o cenário fiscal brasileiro.', '""Numa semana meio vazia de dados econômicos, o mercado fica nessa indecisão"", disse Leandro Petrokas, diretor de Research e sócio da Quantzed.', 'No mercado à vista, o dólar terminou o pregão em baixa de 0,02%, a R$ 4,9828, enquanto no mercado futuro o contrato do dólar para outubro tinha alta de 0,08%, a R$ 5,0012. No acumulado da semana, a moeda americana acumulou ganho em relação ao real - de 0,86% no mercado à vista e de 0,68% no futuro (parcial).', 'Durante boa parte da sessão o movimento do dólar ante o real destoou do comportamento da moeda em relação a divisas emergentes ou ligadas a commodities. Lá fora, a moeda passou quase toda a sexta-feira em baixa, num movimento atribuído à realização de lucros após os fortes ganhos acumulados nas últimas semanas. No entanto, conforme o fim da sessão se aproximava, o dólar ganhou força no exterior e devolveu as perdas, acompanhando a reversão do movimento dos juros dos Treasuries, que caíam no início do dia e depois passaram a subir.', 'Essa inversão está relacionada às dúvidas dos investidores em relação a qual devem ser as próximas decisões do Federal Reserve, o banco central dos Estados Unidos, com o clima de incerteza ganhando mais espaço na mente dos investidores antes da divulgação de números sobre a inflação do país, na quarta-feira (13) e diante do aumento nos preços do petróleo ao maior nível em 10 meses.', 'O real, porém, se destacou no mercado de câmbio hoje por ter mantido uma margem de oscilação mais estreita que a de seus pares em relação ao dólar - não se distanciou da estabilidade durante o pregão inteiro. Contribuíram para isso tanto a proximidade do feriado, que baixou o volume de negócios, quanto a cautela do mercado em escolher uma direção, dado o pano de fundo doméstico.', 'No Brasil, a incerteza em torno do ajuste nas contas públicas - que ganhou um novo elemento diante das notícias de que o governo avalia uma proposta de reforma administrativa para cortar gastos - limita o apetite por risco e as perdas do dólar.', 'Até então, o plano de ajuste fiscal era baseado essencialmente em medidas que aumentavam a arrecadação, mas consideradas custosas para o governo em termos de capital político e incapazes de conduzir ao prometido déficit primário zero em 2024.', '""O fiscal acabou pesando um pouco. Minha leitura é de que realmente faltam planos concretos do Executivo em relação ao fiscal um pouco mais robusto. Tudo parece estar ainda no campo das ideias"", disse Petrokas.', 'Por outro lado, o receio de que a inflação possa ganhar força com a alta nos preços do petróleo - e por tabela nos preços dos combustíveis, a depender do repasse feito pela Petrobras (BVMF:PETR4) - evita que o dólar ganhe muito mais força, já que a aceleração na alta dos preços poderia deixar a queda dos juros mais vagarosa por aqui.']"
9,https://br.investing.com/news/stock-market-news/com-aversao-a-risco-no-exterior-ibovespa-cai-038-a-1173-mil-pontos-1152899,"Com aversão a risco no exterior, Ibovespa cai 0,38%, a 117,3 mil pontos",05.09.2023,14:52,"['Amparado pelo forte desempenho de Petrobras (BVMF:PETR4) na sessão (ON +4,60%, PN +3,34%), mas contido pela aversão a risco desde o exterior, após dados econômicos piores do que o esperado, na China e na Europa, terem reforçado a busca global por proteção no dólar, o Ibovespa se manteve em torno da estabilidade em boa parte da sessão desta terça-feira, sem encontrar fôlego para evitar o segundo dia negativo na semana. Como na segunda-feira, o ajuste foi leve no fechamento, em baixa de 0,38%, aos 117.331,30 pontos, colocando a perda na semana a 0,48% e limitando o ganho neste começo de setembro a 1,37%, em três sessões - no ano, o Ibovespa avança 6,92%.', 'Após o feriado da segunda-feira em Nova York, o giro financeiro subiu de R$ 12,0 bilhões para R$ 21,6 bilhões, nesta terça, em semana um pouco mais curta também no Brasil, com a pausa pelo 7 de setembro, na quinta-feira. Nesta terça, a referência da B3 (BVMF:B3SA3) oscilou entre mínima de 116.637,02 e máxima de 117.956,71 pontos, saindo de abertura aos 117.776,37.', '""O Ibovespa chegou a trabalhar no positivo, mas teve um dia de pequena realização, no fechamento, com Petrobras como único ponto favorável, muito por conta do petróleo, com a notícia de que a Arábia Saudita vai estender o corte de produção até dezembro de 2023, contribuindo para o desempenho das empresas do setor na sessão"", diz Rodrigo Moliterno, head de renda variável da Veedha Investimentos. Além de Petrobras, destaque também para Prio (+1,89%) e 3R Petroleum (BVMF:RRRP3) (+1,13%).', 'Por outro lado, no segundo dia como componente da carteira Ibovespa, PetroReconcavo (BVMF:RECV3) caiu nesta terça 5,49% - terceira maior perda do índice na sessão, atrás de Via (-7,14%) e de CVC (BVMF:CVCB3) (-5,81%).', 'Na ponta ganhadora, além de Petrobras, destaque também para Assai (+4,24%) e Raízen (BVMF:RAIZ4) (+3,89%). Na sessão, o desempenho díspar da PetroReconcavo em relação a outros nomes do segmento decorreu de preocupações dos investidores sobre como a empresa conseguirá acelerar produção após a Petrobras ter decidido interromper o desinvestimento no Polo Bahia Terra.', 'Nesta terça, com o Brent de volta à faixa de US$ 90 por barril após cortes voluntários de oferta, confirmados por Arábia Saudita e também pela Rússia, Petrobras foi a exceção positiva entre as ações de maior liquidez na B3 - Vale ON (BVMF:VALE3) cedeu 0,43% e as perdas entre ações de grandes bancos chegaram a 2,15% (Bradesco (BVMF:BBDC4) PN) no encerramento do dia.', 'O Bank of America (NYSE:BAC) (BofA) elevou o peso da Petrobras na carteira LatAm, de 5% para 9%, refletindo o recente aumento da recomendação dos papéis para compra e a exposição da empresa ao petróleo, diante da previsão de preço da commodity acima do consenso.', '""Sinal de alta para petróleo ajuda as empresas do setor, mas também pode significar mais inflação, o que se refletiu hoje no aumento dos rendimentos dos Treasuries"", observa Moliterno, da Veedha, acrescentando que o movimento visto no exterior contribuiu para abertura da curva de juros, no Brasil, com a ""possibilidade de um pouco mais de inflação pela frente"".', 'Assim, com aversão mais disseminada a risco, o dólar à vista chegou a ser negociado na casa de R$ 4,98 na máxima da sessão, em dia no qual o índice DXY, que contrapõe a moeda americana a referências como euro, iene e libra, foi ao maior nível desde março. Em Nova York, na retomada dos negócios após o feriado pelo Dia do Trabalho nos Estados Unidos, os principais índices de ações mostraram perdas moderadas (Dow Jones -0,56%, S&P 500 -0,42%, Nasdaq -0,08%) no fechamento do dia. No encerramento da sessão no Brasil, o dólar à vista subia 0,82%, a R$ 4,9754.', 'Na zona do euro, o índice de atividade PMI recuou mais do que o esperado por analistas, o que se combinou a leituras também em desaceleração para o PMI composto e de serviços, da Caixin, na China em agosto. No bloco da moeda única, o PMI composto (indústria + serviços), em retração a 46,7 em agosto, tocou o menor nível em 33 meses. Além disso, pesquisa do Banco Central Europeu (BCE) indicou que a expectativa para a inflação de longo prazo aumentou, o que contribuiu para o desempenho negativo dos mercados acionários do velho continente na sessão.', '""Bolsas recuaram, juros subiram e o dólar se fortaleceu também, globalmente. O desempenho dos ativos brasileiros foi influenciado por esse movimento. Internamente, não tivemos, hoje, muitos fatores novos: sem alterações no plano de voo do BC, na fala da diretora Fernanda Guardado em evento nesta terça-feira"", diz Rodrigo Ashikawa, economista da Principal Claritas, acrescentando que a agenda legislativa, um pouco mais ""travada"" no momento, passa a operar em compasso de espera pela reforma ministerial. ""Nesse ambiente, o que se impôs foi o cenário global, com mais relevância no dia de hoje"", conclui o economista.', '""O Ibovespa operou perto do zero a zero e o que segurou foi Petrobras, acompanhando a valorização do petróleo, com o anúncio sobre a diminuição da produção da Arábia Saudita. No quadro mais amplo, o cenário é praticamente o mesmo ao que tivemos nas últimas semanas, com giro ainda fraco, e sem gatilho local. Mercado ainda mantém desconfiança quanto à capacidade de o governo cumprir metas para a arrecadação"", diz Felipe Moura, sócio e analista da Finacap Investimentos.', 'A diretora de Assuntos Internacionais e de Gestão de Riscos Corporativos do Banco Central, Fernanda Guardado, disse nesta terça que, no cenário externo, o risco de curto prazo mais preocupante para 2024 é a incerteza sobre a persistência da inflação global e as implicações quanto ao tempo em que a política monetária de países avançados será contracionista.', '""Vindo do exterior, esse é o risco de mais curto prazo. A economia americana tem sido constante fonte de surpresa positiva, mas entra em um período de mais incerteza sobre suas defasagens de política monetária e sobre como será a política fiscal lá. Pode haver mais incertezas sobre como a economia americana vai \'performar\' em 2024, em um ambiente em que a segunda maior economia do mundo, que é a China, tem problemas. Para 2024, vemos algumas nuvens se formando"", afirmou Fernanda Guardado, em live da Bradesco Asset.', 'Por outro lado, Santander (BVMF:SANB11) Asset elevou as projeções para o Produto Interno Bruto (PIB) de 2023 no Brasil, de 2,2% para 3,0%, e o de 2024, de 1,0% para 1,5%. Na carta mensal de setembro, a instituição destacou que o crescimento da atividade econômica voltou a surpreender favoravelmente no segundo trimestre. ""A expansão de 0,9% superou as previsões, com contribuição positiva dos setores industrial (+0,9%) e de serviços (0,6%), reforçando a percepção de uma economia resiliente"", aponta a instituição.', '*Com Caroline Aragaki, Júlia Pestana e Mariana Gualter']"
10,https://br.investing.com/news/politics/petrobras-apresenta-projetos-ao-banco-dos-brics-para-financiamento-1151941,Petrobras apresenta projetos ao Banco dos Brics para financiamento,01.09.2023,20:06,"['A Petrobras (BVMF:PETR4) apresentou ao NDB (Novo Banco de Desenvolvimento), mais conhecido como Banco dos Brics, uma carteira de projetos para contratação de financiamento. Em reunião na 6ª feira (1º.set.2023) em Xangai, na China, o presidente da estatal, Jean Paul Prates, listou para a presidente do banco, Dilma Rousseff, os empreendimentos ligados à transição energética em planejamento.', 'A pauta da reunião foi voltada à análise de novos projetos nos segmentos de biorrefino, biocombustíveis, hidrogênio verde e geração eólica e solar. Prates fez uma longa explanação sobre os novos empreendimentos da companhia e a estratégia em relação aos planos de transição energética.', 'Não foi fechado nenhum acordo na reunião. Segundo Prates, se tratou de um encontro de reaproximação com o banco, com o qual a Petrobras já celebrou empréstimos no passado. “Reabrimos o diálogo com a instituição para o financiamento de projetos da companhia, sobretudo na área da transição energética”, disse.', 'A Petrobras e o NDB celebraram, em 2018, um contrato de crédito de US$ 200 milhões. O aporte foi destinado a projetos de caráter ambiental nas refinarias Reduc (Duque de Caxias/RJ) e Regap (Gabriel Passos/MG). O financiamento foi integralmente quitado em 2021.', 'Criado em 2014, o NDB financia projetos de infraestrutura e de desenvolvimento. O banco tem como acionistas integrantes do Brics e outros países. São eles: Brasil, Rússia, Índia, China, África do Sul, Bangladesh, Egito e Emirados Árabes.', 'A reunião também contou com a participação do diretor de Transição Energética e Sustentabilidade da Petrobras, Mauricio Tolmasquim, e do cônsul adjunto do Brasil em Xangai, José Roberto de Andrade.', 'Leia mais em Poder360']"
11,https://br.investing.com/news/commodities-news/comerciante-de-petroleo-de-connecticut-e-alvo-de-novas-acusacoes-em-caso-de-suborno-da-petrobras-1150544,CORREÇÃO-Comerciante de petróleo de Connecticut é alvo de acusações em caso de suborno da Petrobras,29.08.2023,20:17,"['(Corrige para esclarecer que Glenn Oztemel, não Gary Oztemel, foi acusado em 15 de fevereiro)', 'WASHINGTON (Reuters) - Um comerciante de petróleo e gás de Connecticut foi acusado na terça-feira por suposta participação em um esquema de propina para ganhar contratos com a Petrobras (BVMF:PETR4), informou o Departamento de Justiça dos Estados Unidos (DOJ, em inglês). ', 'Gary Oztemel, de Riverside, Connecticut, proprietário da Petro Trade Services, foi acusado de lavagem de dinheiro e conspiração para violar a Lei de Práticas de Corrupção no Exterior, disse o DOJ. ', '', 'Acusações no caso contra seu irmão, Glenn Oztemel, foram reveladas em 15 de fevereiro.', 'O DOJ disse que entre 2010 e 2018 Gary e Glenn Oztemel e Eduardo Innecco, um corretor de petróleo e gás ítalo-brasileiro, pagaram subornos a autoridades brasileiras para ajudar duas empresas de Connecticut a garantir contratos e obter detalhes confidenciais sobre negócios de óleo combustível da Petrobras.', '(Reportagem de Eric Beech)']"
12,https://br.investing.com/news/stock-market-news/ibovespa-cai-no-dia-102-a-1158-mil-pontos-limitando-ganho-da-semana-a-037-1149402,"Ibovespa cai no dia 1,02%, a 115,8 mil pontos, limitando ganho da semana a 0,37%",25.08.2023,15:01,"['Mesmo em baixa nas duas últimas sessões da semana, o Ibovespa conseguiu acumular leve ganho no período, o primeiro desde o trecho entre 17 e 21 de julho, quando havia avançado 2,13%. De lá para cá, foram quatro perdas semanais, sequência interrompida nesta sexta-feira por ganho de 0,37% desde a última segunda-feira.', 'Os ajustes negativos de quinta e sexta foram menores do que a alta que os precedeu, na terça (+1,51%) e quarta-feira (+1,70%), após um início de semana ainda em baixa, de 0,85%.', 'Nesta sexta-feira, a referência da B3 (BVMF:B3SA3) caiu 1,02%, a 115.837,20, sem conseguir acompanhar a melhora ao longo da tarde em Nova York, onde os três principais índices de ações se firmaram em alta e subiram entre 0,67% (S&P 500) e 0,94% (Nasdaq) na sessão.', 'Nesta sexta, as principais ações do Ibovespa voltaram a operar em bloco no negativo, com destaque ainda para o setor financeiro, onde as perdas entre os grandes bancos chegaram a 1,58% (Itaú (BVMF:ITUB4) PN) no fechamento do dia, também ruim para Petrobras (BVMF:PETR4) (ON -0,79%, PN -0,68%), apesar do avanço acima de 1% para o Brent nesta sexta-feira. Vale ON (BVMF:VALE3) chegou a ensaiar leve alta, mas fechou o dia em baixa de 0,21%, avançando 1,39% na semana, mas ainda cedendo 7,96% no mês, em meio a preocupações quanto ao ritmo de atividade econômica na China. No ano, Vale ON cai 26,81%.', 'Em agosto, mês em que esteve bem mais conectado ao cenário externo do que ao doméstico, o Ibovespa cede até aqui 5,01%. Do dia 18, sexta-feira passada, para cá, o índice tem mostrado estabilização, após a série histórica de 13 perdas diárias, entre 1º e 17 de agosto, a mais longa desde o começo de 1968. Apesar de extenso, o grau da correção foi discreto, com o Ibovespa tendo recuado 5,71% no mês até o dia 17. Desde o dia seguinte, 18, em seis sessões, mostrou três altas e três baixas, com a desta sexta - mas com ajustes negativos que vinham se mantendo inferiores a 1%, por sessão.', 'Assim, o índice se lateraliza, tendo suportado o teste dos 114 mil pontos - na mínima do intervalo, no dia 21, foi a 114.066,51 pontos no intradia, menor nível desde 6 de junho, então a 112.695,60 pontos durante aquela sessão. Nesse contexto, o giro financeiro voltou a se enfraquecer, a R$ 18,7 bilhões nesta sexta-feira, em que o índice da B3 oscilou dos 115.396,62 aos 117.252,11, saindo de abertura aos 117.025,02 pontos. No ano, o Ibovespa sobe 5,56%.', 'Na ponta do índice nesta última sessão da semana estiveram São Martinho (BVMF:SMTO3) (+4,02%), SLC Agrícola (BVMF:SLCE3) (+1,89%) e Raízen (BVMF:RAIZ4) (+1,61%), com Pão de Açúcar (BVMF:PCAR3) (-7,23%), CVC (BVMF:CVCB3) (-6,58%) e MRV (BVMF:MRVE3) (-5,58%) no lado oposto.', 'Na agenda doméstica desta sexta-feira, os investidores tomaram nota da prévia da inflação oficial de agosto, o IPCA-15, em leitura acima do esperado, e, em menor medida, do IDP, os investimentos diretos no País, que vieram em julho no menor nível para o mês desde 2018, a US$ 4,244 bilhões, apesar da melhora, na margem, em relação a junho. A fraca leitura em comparação a julho de 2022 (US$ 7,2 bilhões) vem no momento em que se monitora de perto os efeitos, sobre a conjuntura doméstica, de um cenário externo ainda desafiador, com juros elevados nos Estados Unidos e na zona do euro e grande incerteza quanto à performance da China.', '""O mercado já abriu hoje em \'risk off\' mostrando aversão a risco, com os dados do IPCA-15, acima do esperado para o mês. Os DIs em alta já na abertura descartam agora em parte a possibilidade de 0,75 ponto porcentual de corte na Selic em dezembro, que vinha sendo especulada mesmo com o Copom tendo sinalizado, como cenário-base, três cortes de meio ponto até o fim do ano"", diz Rafael Schmidt, sócio da One Investimentos.', 'Na agenda externa, a atenção esteve voltada, também desde a manhã, ao aguardado discurso do presidente do Federal Reserve, Jerome Powell, no simpósio anual de Jackson Hole, nos Estados Unidos. ""O discurso do Powell, a meu ver, foi um pouco mais \'hawkish\', no sentido de combate à inflação, do que os outros, mas a primeira percepção do mercado não foi essa. A princípio, a reação foi muito boa, mas depois os juros voltaram um pouco. Ele bateu muito na tecla de que o PIB está acima do potencial, e que as evidências de algum relaxamento no mercado de trabalho ainda não são o suficiente para fazer com que a inflação convirja para a meta de 2% ao ano nos EUA"", diz Helena Veronese, economista-chefe da B. Side Investimentos.', 'Para Marcos De Marchi, economista-chefe da Oriz Partners, o discurso de Powell foi ""bem equilibrado e teve um tom muito parecido com declarações recentes"". O economista destaca ""o fato de ter sido dito que os juros reais da economia, de acordo com várias estimativas, estão bem acima do nível considerado neutro"". ""É um sinal de que mais altas de juros, a partir daqui, terão que acontecer em cima de dados econômicos mais fortes, especialmente aqueles relacionados ao mercado de trabalho, que seguem mostrando aumentos reais de salários e demanda robusta por mão de obra"", acrescenta De Marchi.', 'Segundo ele, o discurso mostrou que ainda há ""muita incerteza, nesse momento, na condução da política monetária"". ""Nesse sentido, as declarações sugerem que a manutenção dos juros em patamar elevado por um período prolongado é preferível a subir ainda mais a taxa básica nos EUA"", observa o economista da Oriz.', 'Após a fala de Powell, no fim do dia veio o pronunciamento de outra autoridade monetária muito relevante, a presidente do Banco Central Europeu (BCE), Christine Lagarde, que apontou que ""apesar dos progressos, a luta contra a inflação ainda não está vencida"", defendendo que os juros sejam mantidos em níveis restritivos pelo tempo necessário para que a inflação convirja para a meta.', 'O Termômetro Broadcast Bolsa desta sexta-feira não trouxe alterações ante a pesquisa da semana passada, com o mercado demonstrando otimismo sobre o desempenho das ações no curtíssimo prazo. Entre os participantes, a previsão de alta para o Ibovespa na próxima semana manteve a fatia de 62,50%, enquanto a expectativa de estabilidade repetiu o porcentual de 37,50% da semana passada. Nenhuma das respostas indica queda.']"
13,https://br.investing.com/news/stock-market-news/parecer-da-agu-rebate-argumento-do-ibama-contra-perfuracao-na-foz-do-amazonas-1148010,Parecer da AGU rebate argumento do Ibama contra perfuração na Foz do Amazonas,22.08.2023,17:16,"['Por Marta Nogueira e Ricardo Brito', 'RIO DE JANEIRO/BRASÍLIA (Reuters) -A Advocacia-Geral da União (AGU) concluiu em parecer publicado nesta terça-feira que uma Avaliação Ambiental de Área Sedimentar (AAAS) não é indispensável e tampouco pode obstar a realização de licenciamento ambiental de empreendimentos de exploração e produção de petróleo e gás no Brasil.', 'A manifestação ocorreu em resposta a pedido do Ministério de Minas e Energia, após o Ibama ter negado à Petrobras (BVMF:PETR4) em maio uma licença de perfuração na Bacia da Foz do Rio Amazonas, em águas profundas do Amapá, tendo como um dos principais argumentos a ausência de uma AAAS, estudo a ser realizado pelo governo que mediria impactos socioambientais em toda a bacia.', '""O entendimento estabelecido por meio do parecer da AGU é reconhecido em manifestações de áreas jurídicas de órgãos federais ligados ao assunto, e também foi encampado pelo Supremo Tribunal Federal (STF) em julgamentos recentes"", disse a AGU em nota.', '""A Corte decidiu que a viabilidade ambiental de um empreendimento deve ser atestada no próprio licenciamento, e não por meio de AAAS.""', 'Procurado para comentar a posição da AGU, o Ibama afirmou apenas que recebeu o parecer e ""se manifestará oportunamente"".', 'Em sua negativa em maio, o Ibama apontou eventuais impactos sobre comunidades indígenas devido ao sobrevoo de aeronaves entre o Aeródromo do Oiapoque, no Amapá, e o local do Bloco FZA-M-59 e o tempo de resposta e atendimento à fauna atingida por óleo, em caso de um eventual vazamento, dentre outras questões.', 'A Petrobras recorreu da decisão do Ibama, com o qual vem ainda mantendo diálogos, mas o órgão ambiental não deu um prazo para resposta.', 'No recurso, a petroleira propôs aprimoramentos relacionados ao plano de emergência e proteção à fauna e ao impacto da rota das aeronaves em reservas indígenas, atendendo a pontos colocados pelo Ibama.', 'Além de fixar a interpretação relativa à dispensabilidade do AAAS para o licenciamento ambiental, a AGU afirmou também em nota que encaminhou à Câmara de Mediação e de Conciliação da Administração Pública Federal (CCAF) solicitação de abertura de processo administrativo de conciliação entre os órgãos federais envolvidos no licenciamento da Petrobras na Foz. ', '""O objetivo da medida é buscar a resolução consensual dos demais pontos divergentes relativos ao caso, incluindo os levantados pelo Ibama na negativa do licenciamento sobre os impactos de sobrevoos para as comunidades indígenas e o plano de proteção à fauna"", disse a AGU.', 'O senador pelo Amapá e presidente da Comissão de Constituição, Justiça e Cidadania (CCJ) da Casa, Davi Alcolumbre (União), comemorou a manifestação da AGU em seu perfil na rede social X, antes conhecida como Twitter, pontuando que o parecer ""abre caminhos para pesquisa exploratória de petróleo em águas profundas na margem equatorial"".', '', '""Mais uma etapa vencida nesta grande batalha para garantir o nosso direito de pesquisar as nossas riquezas, que sempre foi defendido pelo nosso mandato"", disse Alcolumbre.', 'A Foz do Rio Amazonas é uma das bacias que integra a Margem Equatorial (BVMF:EQTL3) brasileira, que vai do Amapá ao Rio Grande do Norte. A ampla região tem grande potencial para descobertas de petróleo, mas também enormes desafios socioambientais.', '(Por Marta Nogueira, no Rio de Janeiro, e Ricardo Brito, em Brasília; edição de Roberto Samora e Pedro Fonseca)']"
14,https://br.investing.com/news/stock-market-news/ibovespa-tem-no-dia-a-1a-alta-deste-mes-de-agosto-mas-cede-225-na-semana-1146995,"Ibovespa tem no dia a 1ª alta deste mês de agosto, mas cede 2,25% na semana",18.08.2023,15:00,"['Mesmo com a cautela ainda dando o tom aos negócios com ativos de risco - pelas incertezas em torno das economias americana e chinesa, as duas maiores do mundo -, o Ibovespa quebrou nesta sexta-feira, 18, sua mais longa sequência de perdas, na série histórica iniciada em 1968, e subiu 0,37%, aos 115.408,52 pontos.', 'Após os 13 recuos iniciados em 1º de agosto, a referência da B3 (BVMF:B3SA3) oscilou nesta sexta dos 114.423,28 aos 115.728,91 pontos, saindo de abertura aos 114.973,40 pontos.', 'Na semana, o índice caiu 2,25% - a quarta retração semanal consecutiva -, o que coloca as perdas do mês a 5,36%, e restringe o avanço acumulado no ano a 5,17%. Fraco, o giro ficou em R$ 21,8 bilhões nesta primeira sessão de agosto com fechamento positivo para o Ibovespa.', 'Na B3, as ações de grandes bancos, com perdas no mês que chegam a 9,84% para Bradesco ON(BVMF:BBDC4), subiram moderadamente nesta sexta (Bradesco ON +0,83%, Itaú PN (BVMF:ITUB4) +0,79% , BB ON (BVMF:BBAS3) +0,40%), conferindo suporte, pela ponderação do setor financeiro no índice, para que o Ibovespa fechasse a sessão com leve ganho, em dia negativo para a ação de maior peso individual na carteira, Vale ON (BVMF:VALE3), que encerrou em baixa de 1,11%, cedendo 4,16% na semana e 9,22% no mês, cotada agora a R$ 61,22. Em 2023, o papel da mineradora acumula perda de 27,82% - enquanto Petrobras ON (BVMF:PETR3) e PN avançam, respectivamente, 43,47% e 52,57% no mesmo intervalo.', ""Em variação acanhada na sessão, Petrobras (BVMF:PETR4) ON subiu nesta sexta 0,58% e a PN, 0,25% - ambas, como BB ON (+0,65% na semana e +41,98% no ano), foram a exceção positiva da semana entre as ações de maior liquidez, com avanço de 3,05% (ON) e de 3,14% (PN) no intervalo de cinco sessões. Na ponta do Ibovespa na sessão desta sexta-feira, Magazine Luiza (BVMF:MGLU3) (+6,38%) e Carrefour Brasil (BVMF:CRFB3) (+5,24%), com Rede D'Or (BVMF:RDOR3) (-1,85%) e Weg (BVMF:WEGE3) (-1,76%) puxando a fila oposta."", '""Tem faltado fluxo, dinheiro novo dos investidores, para a Bolsa - a exceção nesta semana foi a quarta-feira, com o exercício de opções sobre o índice que reforça o giro no dia. A queda de juros Selic foi importante, mas os movimentos de ingresso têm sido marginais, na B3, com poucos investidores se posicionado em ações, o que piorou agora, em agosto, com a retração do estrangeiro, que virou a mão devido à turbulência externa"", diz Eduardo Cavalheiro, fundador e gestor da Rio Verde Investimentos, destacando em especial a crise no setor imobiliário da China, setor com grande peso no PIB da maior economia asiática. ""Está difícil para a Bolsa sair do lugar, com os juros americanos, em títulos praticamente livres de risco, subindo bastante, na faixa de 4% nos vencimentos de 10 anos, diminuindo assim a atratividade de mercados como o Brasil"", acrescenta.', '""A série negativa do Ibovespa foi longa, mas o ajuste relativamente pequeno. Em Nova York, os índices, mesmo numa semana negativa como esta, têm corrigido pouco também, e seguem esticados. Apesar dos juros básicos nos níveis em que estão por lá, na faixa de 5%, a economia dos Estados Unidos é uma máquina de produtividade, e os americanos continuam a fazer sua poupança em ações"", diz Cesar Mikail, gestor de renda variável da Western Asset, mencionando que o retorno médio do S&P 500 nos últimos 20 anos gira em torno de 10% ao ano. ""O cenário externo tem prevalecido sobre o doméstico - que melhorou e tende a continuar assim, por exemplo, se o arcabouço fiscal vier a ser aprovado como se espera, possivelmente na semana que vem, mesmo com algumas alterações que vieram do Senado. O governo precisa manter a relação com a Câmara, que tem aprovado matérias importantes - e tem outras ainda por vir"", acrescenta.', 'China, ainda mais que Estados Unidos, pelo papel que tem na formação dos preços de commodities, como o minério, e por ser o principal destino das exportações brasileiras, continua a ser o grande ponto de interrogação deste segundo semestre.', '""Se pegar a ação da Vale, vinha de R$ 60 e foi a R$ 100 no começo do ano, com a expectativa de normalização da economia chinesa, que não veio - e agora volta a convergir para R$ 60"", diz o gestor da Western Asset. ""O governo de lá - apesar do poder financeiro que tem, em situação fiscal muito mais favorável do que a dos Estados Unidos - não tem agido até agora na intensidade que se esperava - por enquanto, o que tem vindo de medidas, são cosméticas"", acrescenta Mikail, observando também que uma atitude defensiva do governo chinês em relação à disponibilização de dados considerados sensíveis - como o aumento da taxa de desemprego entre a população mais jovem - pode tornar o quadro ainda mais ""nebuloso"".', '""Uma boa notícia em relação à China seria um gatilho importante"", diz o gestor, que vê chance de o Ibovespa fechar o ano na faixa de 125 mil a 130 mil pontos, considerando também o ritmo de corte da Selic, de meio ponto porcentual, sinalizado pelo Copom.', 'O mercado financeiro manteve-se dividido sobre o desempenho das ações no curtíssimo prazo, entre alta e estabilidade, mostra o Termômetro Broadcast Bolsa desta sexta-feira. Entre os participantes, 62,50% esperam avanço da Bolsa na próxima semana, porcentual maior do que os 40,00% da pesquisa anterior. Outros 37,50% preveem variação neutra, de 60,00% no último Termômetro. Mais uma vez, não houve respostas indicando queda.']"
15,https://br.investing.com/news/stock-market-news/ibovespa-segue-em-baixa-por-11-dias-aos-116-mil-pontos-com-cautela-global-1145668,"Ibovespa segue em baixa por 11 dias, aos 116 mil pontos, com cautela global",15.08.2023,14:52,"['O aumento anunciado pela Petrobras (BVMF:PETR4), de manhã, para os preços da gasolina e do diesel contribuía para o desempenho das ações da estatal nesta terça-feira - quase totalmente revertido, contudo, no fechamento (ON -0,21%, PN +0,72%). Mesmo quando ambas as ações ainda subiam, o sinal não era o suficiente para impedir que o Ibovespa chegasse, nesta terça, à 11ª queda consecutiva, igualando séries negativas de fevereiro de 1984 e de junho de 1970.', 'A referência da B3 (BVMF:B3SA3) oscilou dos 116.033,15, do fim da tarde, aos 117.697,25 pontos, e encerrou o dia em baixa de 0,55%, aos 116.171,42, fechando assim a primeira quinzena deste agosto sem obter sequer um ganho diário no mês. O giro financeiro subiu a R$ 26,6 bilhões nesta terça-feira.', 'Na semana, o Ibovespa recua 1,60% no combinado das duas primeiras sessões, colocando as perdas do mês a 4,73% e limitando o avanço do ano a 5,87% - na última sessão de julho, o Ibovespa, então bem perto dos 122 mil pontos, acumulava ganho de 11,13% em 2023. De lá para cá, a aversão a risco se impôs essencialmente desde o exterior com a retração do investidor estrangeiro, que vinha se mantendo na ponta compradora na B3, adquirindo até então, em geral, dos institucionais e domésticos.', 'A sequência de dados ruins sobre o ritmo de atividade e o recente comportamento deflacionário dos preços na China fizeram acender a luz amarela para a segunda maior economia do globo, a que o Brasil e a B3 têm exposição significativa pelo peso das commodities para o País como para a Bolsa. Incertezas quanto ao grau de ajuste da política monetária nos Estados Unidos - ou seja, até que ponto o Federal Reserve ainda poderá elevar a taxa de juros de referência, tendo em vista os dados disponíveis até o momento - também resulta em ajustes nos Treasuries e nas ações listadas em Nova York.', 'Nesta terça, os três principais índices de Nova York fecharam o dia em baixa, acentuando a correção em direção ao fechamento (Dow Jones -1,02%, S&P 500 -1,16%, Nasdaq -1,14%) - levando consigo o Ibovespa -, com perdas no mês que chegam agora a 4,98% para o que concentra as ações de tecnologia (Nasdaq), mais expostas aos juros americanos. A sessão desta terça-feira também foi negativa para as principais bolsas europeias.', 'Na China, dados de produção industrial, vendas do varejo e investimentos em ativos fixos vieram abaixo do esperado, alimentando os receios em torno da desaceleração econômica. Nos Estados Unidos, por sua vez, índice de atividade industrial também ficou aquém da previsão, e apesar de as vendas no varejo norte-americano terem surpreendido positivamente, a avaliação de parte do mercado, ainda que minoritária, é de que o resultado tende a ser insuficiente para mudar expectativa por novo aumento de 25 pontos-base nos juros do Federal Reserve, em setembro.', 'Em evento organizado pela XP (BVMF:XPBR31) em Brasília, a head de economia para América Latina do JPMorgan (NYSE:JPM), Cassiana Fernandez, disse nesta terça que o banco revisou a projeção de crescimento da China em 2024, para 4%. Para os Estados Unidos, porém, a atividade não é vista mais como um problema e o foco, agora, está na inflação, acrescentou Cassiana. Segundo ela, o Fed provavelmente terá de manter a taxa de juros em patamar elevado por tempo mais longo do que o imaginado inicialmente.', 'No Brasil, ainda que o modo bombeiro tenha sido acionado no mesmo dia, os investidores seguem atentos a eventuais sequelas no relacionamento do governo com a Câmara dos Deputados, após o ministro da Fazenda, Fernando Haddad, ter questionado, em entrevista divulgada ontem, o que considera como excesso de poder na Casa. Haddad buscou se explicar publicamente ainda na segunda-feira, mas as declarações iniciais resultaram em mal-estar e adiamento de reunião técnica que a equipe econômica e lideranças parlamentares teriam ontem sobre a votação do arcabouço.', 'Em meio a incertezas domésticas e externas, a curva de juros operou na abertura de desta terça com maior estresse nas pontas curtas e longas, trabalhando em alta, e o dólar deu continuidade ao movimento de apreciação frente ao real, saindo da região de R$ 4,74, em pregões anteriores, e chegando nesta terça-feira a buscar máxima a R$ 5, observa Rosiane Duarte, analista da Toro Investimentos. No fechamento, o dólar à vista foi a R$ 4,9868, em alta de 0,43%, tendo chegado no pico do dia a R$ 4,9977.', 'Com a alta do dólar na sessão, que o reaproximou do limiar de R$ 5, destaque para a queda nas ações das companhias aéreas Gol (BVMF:GOLL4) (-12,50%) e Azul (BVMF:AZUL4) (-6,60%), na ponta perdedora do Ibovespa na sessão. No canto oposto, Vibra (BVMF:VBBR3)(+7,77%), BRF (BVMF:BRFS3) (+6,90%) e Natura (BVMF:NTCO3) (+5,48%). Entre as ações de maior liquidez na B3, o dia foi ainda negativo para Vale (BVMF:VALE3) (ON -0,99%) e para o setor metálico (CSN ON (BVMF:CSNA3) -0,65%), assim como para os grandes bancos, à exceção de Bradesco (BVMF:BBDC4) PN (+0,26%).', 'Nesta terça-feira, o presidente do Banco Central, Roberto Campos Neto, disse que o reajuste nos combustíveis, promovido pela Petrobras, terá impacto na inflação - ele estima que possa afetar o IPCA em 0,40 ponto porcentual, entre agosto e setembro. ""Hoje teve um aumento grande em combustíveis. O impacto da gasolina é direto, na cadeia. Ainda terá algumas revisões com o reajuste de hoje"", disse Campos Neto, em evento na sede da Frente Parlamentar do Empreendedorismo (FPE).', 'O presidente do BC disse também que o Brasil tem feito um ""pouso suave"" na inflação com pouco custo para o crescimento da economia, e voltou a citar revisões, para cima, nas projeções para o Produto Interno Bruto (PIB) em 2023. Campos Neto observou, no mesmo evento, que o Brasil é um dos poucos países com inflação encaixada para os próximos anos.', 'Em nota, a Ativa Investimentos avaliou como positivo o aumento dos preços do diesel e da gasolina anunciado nesta terça-feira pela Petrobras, da ordem de 25% e 16%, respectivamente. A corretora, porém, manteve a recomendação neutra para os papéis da estatal. O reajuste vale a partir da quarta, 16, nas refinarias da companhia.', '*com Célia Froufe e Denise Luna']"
16,https://br.investing.com/news/stock-market-news/ibovespa-tem-mais-longa-serie-negativa-em-25-anos-e-recua-318-no-mes-1144381,"Ibovespa tem mais longa série negativa em 25 anos e recua 3,18% no mês",11.08.2023,14:55,"['Com foco na Petrobras (BVMF:PETR4) (ON +0,06%, PN -0,23%) - que contribuía mais cedo para leve alta do Ibovespa e perdeu sustentação com falas de autoridades, no lançamento do novo PAC, pouco tranquilizadoras para a política de preços dos combustíveis -, o índice da B3 (BVMF:B3SA3) chegou hoje ao nono fechamento diário negativo. Trata-se de uma sequência não vista, conforme o AE Dados, desde o intervalo entre 31 de julho e 12 de agosto de 1998 quando se ingressava na crise financeira da Rússia - uma turbulência global que levaria o BC brasileiro no mês seguinte, setembro, a colocar a taxa de referência bem perto de 50% ao ano, em forte choque de juros anunciado tarde da noite, depois das 22h, para tentar sustar a saída de dólares do País.', 'Há 25 anos, o Ibovespa saía dos 10.939 pontos, no fechamento anterior (30 de julho) à série negativa, para os 8.417 pontos no fim da sequência, em 12 de agosto de 1998, com perda diária na faixa de 0,31%, no dia 5, a 5,31%, em 4 de agosto.', 'Mesmo igualada a série em extensão, o ajuste do Ibovespa é bem mais discreto agora, com Selic a 13,25% e mundo menos convulsionado, apesar das preocupações quanto ao ritmo de esfriamento da atividade chinesa e o nível da política monetária nas maiores economias. Assim, o índice da B3 teve queda de 3,18% nessas primeiras nove sessões de agosto, e de 1,21% na semana - a terceira retração semanal consecutiva -, restringindo o avanço do ano a 7,59%.', 'Nesta sexta-feira, o Ibovespa oscilou entre 117.415,21 e 119.053,92 pontos, após abertura aos 118.349,60, e encerrou o dia em baixa de 0,24%, aos 118.065,14 pontos, no menor nível desde 19 de julho, então aos 117.552,07 pontos. O giro financeiro subiu a R$ 25,9 bilhões nesta última sessão da semana.', 'Em dia que se mostrava fraco, e assim se manteve, para as ações de maior peso no Ibovespa, a perda de fôlego em Petrobras, à tarde, foi decisiva para que o índice da B3 se aproximasse hoje da metade de agosto apenas com recuos no mês. Entre as principais ações, bancos como BB (BVMF:BBAS3) (+1,09%), Santander (BVMF:SANB11) (Unit +0,52%) e Itaú (BVMF:ITUB4) (PN +0,18%) conseguiram escapar do tom negativo no fechamento desta sexta-feira, ruim para Vale (BVMF:VALE3) (ON -0,83%) e outros nomes do setor metálico, como Gerdau (BVMF:GGBR4) (PN -0,85%), que têm sido acossados por dúvidas em torno do nível de demanda na China, país que, nesta semana, confirmou sua primeira deflação desde 2021.', 'A grande exposição da B3 a commodities tem resultado em saída de recursos estrangeiros da Bolsa, apontam analistas. ""O gringo continua na ponta de venda, já tiraram R$ 6,2 bilhões neste mês. E o setor de commodities segue sofrendo, com China - o estrangeiro acaba fazendo essa ligação direta"", diz Luiz Roberto Monteiro, operador da mesa institucional da Renascença.', 'As dúvidas em relação aos preços domésticos dos combustíveis são outro fator que não tem contribuído. ""A elevação da recomendação do UBS para Petrobras até poderia ter ajudado a ação hoje, mas isso não aconteceu porque o mercado continua muito atento, preocupado, com a política de preços dos combustíveis - e falas do Jean Paul Prates (presidente da Petrobras) e do ministro Alexandre Silveira (Minas e Energia) no lançamento do novo PAC, no Rio, não agradaram ao mercado"", acrescenta Monteiro, destacando que os investidores seguem atentos a sinais de ""intervencionismo"" na estatal.', 'Em discurso com forte tom político, Prates afirmou hoje que a Petrobras tem obrigação, como estatal, de contribuir com o novo PAC, e prometeu que a empresa voltará a ""lotar"" os estaleiros nacionais, com encomendas de embarcações, para expandir os negócios de petróleo e gás nos próximos anos.', 'Silveira, por sua vez, mencionou ""abrasileiramento"" dos preços dos combustíveis, um movimento que, afirmou o ministro, é benéfico ao consumidor - embora ele tenha sustentado que a estatal possui ""autonomia"" para elevar os preços, e que reajustes ocorrerão nas refinarias caso o preço do Brent continue a subir. Hoje, a referência global foi negociada acima de US$ 86 por barril, mas as ações da Petrobras fecharam o dia sem acompanhar o movimento de alta.', 'Na ponta do Ibovespa no fechamento, destaque para Yduqs (BVMF:YDUQ3) (+8,16%), Sabesp (BVMF:SBSP3) (+5,64%) e Copel (BVMF:CPLE6) (+3,42%), com Locaweb (BVMF:LWSA3) (-8,08%), Soma (-7,31%) e Azul (BVMF:AZUL4) (-6,42%) no lado oposto.', 'Esta última sessão da semana havia começado em tom positivo, com abertura da composição do IPCA de julho - mesmo com o índice (+0,12%) acima do teto das projeções para o mês - trazendo bons sinais para os preços, em especial no segmento de serviços, com desempenho favorável também em grupos como os de Alimentos e Habitação. O grupo de Transporte, por outro lado, foi o decisivo para que o ritmo de inflação se acentuasse um pouco em julho, chegando a 3,99% no acumulado em 12 meses.', '""A dúvida está na dinâmica do preço dos combustíveis diante a recente valorização do petróleo. Na quarta-feira (9), o barril encerrou o pregão cotado a US$ 87,55. A defasagem da gasolina atingiu a máxima do ano, 35% em relação aos preços internacionais (R$ 1,21/litro)"", observa Camila Abdelmalack, economista-chefe da Veedha Investimentos.', '""À parte a discussão sobre os combustíveis, a leitura que o mercado vem fazendo é a de que o Banco Central poderá acelerar o corte de juros para o ritmo de 75 bps (em alguma das próximas três reuniões do ano), caso a inflação de serviços (aspecto que deixa o Copom parcimonioso) confirme tendência de desaceleração, em conjunto com melhora adicional nas expectativas de inflação"", acrescenta a economista, em nota.', 'Nesse contexto, bem longe de consenso quanto à inflação, ao ritmo de cortes de juros e a fatores microeconômicos - como a política de combustíveis vis-à-vis rentabilidade da Petrobras -, o mercado ajustou expectativas para o comportamento das ações no curtíssimo prazo, no Termômetro Broadcast Bolsa, com o quadro agora dividido entre alta e estabilidade.', 'A expectativa de ganhos, que na pesquisa anterior era majoritária - em 63,64% dos participantes -, agora tem fatia de 40,00%, contra 60,00 que esperam variação neutra, que eram 27,27% no último Termômetro. A previsão de queda, que na semana passada era de 9,09%, não foi citada no levantamento de hoje.']"
17,https://br.investing.com/news/stock-market-news/com-cautela-externa-ibovespa-emenda-6a-perda-em-baixa-de-024-a-119-mil-1142393,"Com cautela externa, Ibovespa emenda 6ª perda, em baixa de 0,24%, a 119 mil",08.08.2023,15:03,"['Mais cedo, o Ibovespa contava nesta terça-feira com tímido apoio de Petrobras (BVMF:PETR4), retirado em direção ao fechamento (ON -0,06%, PN +0,10%), e ajuda ainda menor do setor bancário - destaque no encerramento apenas para a recuperação parcial de Bradesco (BVMF:BBDC4) (ON -0,36%, PN +0,46%) -, sem conseguir, dessa forma, quebrar a série negativa deste começo de agosto, com perdas para o índice em todas as seis primeiras sessões do mês, ainda que em grau leve de correção.', 'Nesta abertura de mês, a referência da B3 (BVMF:B3SA3) cede 2,34% e, na semana, cai 0,35%. Nesta terça, chegou a esboçar leve ganho no melhor momento da tarde, mas ainda fechou em baixa, de 0,24%, aos 119.090,24 pontos. Apesar do modesto ajuste neste começo de agosto, as seis perdas são a mais longa sequência negativa do Ibovespa desde junho do ano passado, quando emendou oito baixas entre os dias 3 e 14 daquele mês.', 'No pior momento da sessão, resvalou nesta terça nos 117.491,95, o menor nível intradia desde 20 de julho, e na máxima desta terça-feira chegou aos 119.552,69 pontos, em leve alta de 0,15% no meio da tarde. As máximas se correlacionaram aos movimentos do dólar, que tocou na mínima do dia a marca de R$ 4,8898, em leve baixa de 0,10%, tendo se mantido em viés de alta na maior parte da sessão, com pico a R$ 4,9412 e fechamento perto da estabilidade (+0,06%), a R$ 4,8976. Na B3, o giro financeiro desta terça-feira ficou em R$ 22,0 bilhões.', 'Na ponta perdedora do Ibovespa, destaque para Petz (BVMF:PETZ3) (-6,10%), Dexco (BVMF:DXCO3) (-5,36%) e Méliuz (BVMF:CASH3) (-3,39%), com Hapvida (BVMF:HAPV3) (+6,08%), Yduqs (BVMF:YDUQ3) (+3,99%) e Alpargatas (BVMF:ALPA4) (+3,28%) no lado oposto. Itaú (BVMF:ITUB4), que divulgou balanço do segundo trimestre após o fechamento de segunda-feira, encerrou nesta terça-feira com leve perda de 0,22% (PN), em dia mais uma vez negativo para os grandes bancos, em especial Santander (BVMF:SANB11) (Unit -1,26%).', 'Fatores como a fraca leitura sobre o comércio exterior da China em julho - afetando em especial as ações do setor metálico (Vale ON (BVMF:VALE3) -0,65%, Gerdau (BVMF:GGBR4) PN -2,99%), com exposição ao país asiático - e a ata do Copom, ponto alto da agenda doméstica, divulgada de manhã, contribuíram para a cautela e os movimentos contidos observados ao longo da sessão.', '""A ata do Copom não trouxe visão muito clara com relação às próximas quedas da Selic. Uma parte do mercado considera que os próximos ajustes possam ser mais incisivos, com a ancoragem das expectativas de inflação - mas outra parte se mostra mais conservadora. Diante dessa divisão, há um certo tom cauteloso, o que deixa o mercado meio de lado. Lá fora, a inflação continua em patamares elevados, é motivo de alerta ainda, com efeito também para o Brasil"", diz Charo Alves, especialista da Valor Investimentos.', 'Ele ressalta que fatores externos permanecem em pauta, apesar da visão prevalecente, otimista, quanto à inflação doméstica e a trajetória da Selic, ambas convergindo para baixo no momento, apesar de o setor de serviços ser ainda motivo de atenção.', '""A tendência global hoje foi de aversão a risco, com apreciação do dólar e queda das bolsas, desde a manhã. Dados da China sobre a balança comercial desapontaram. E a Moody\'s rebaixou as notas de dez bancos americanos. Na Europa, houve anúncio, na Itália, de aumento de imposto sobre lucro de instituições financeiras. Aqui, o Ibovespa chegou a virar para o positivo, mas, mesmo que não tenha conseguido sustentar a alta no fechamento, mostrou perdas menores do que as vistas lá fora"", diz Marcela Rocha, economista-chefe da Principal Claritas.', '""A ata do Copom, na nossa opinião, veio mais dura. Apesar da decisão dividida sobre o corte de 0,25 ponto e da desconfiança sobre o ritmo de queda de meio ponto porcentual para a Selic, definição que foi tomada por unanimidade, a barra para um corte de juros mais intenso do que isso foi elevada, com o BC preocupado com a reancoragem de expectativas. Os juros futuros recuaram, refletindo a cautela externa também, mas os vencimentos longos mostraram uma retração maior, hoje, com desinclinação da curva"", acrescenta a economista.', ""Para Alex Carvalho, analista da CM Capital, o cenário externo tem se mostrado mais volátil, com a China trazendo números econômicos que não têm agradado aos investidores, o que se combinou nesta terça, para a cautela global, com a elevação de tributação sobre bancos na Itália e, especialmente, ao rebaixamento pela Moody's da nota de crédito de alguns pequenos e médios bancos americanos, na semana seguinte ao corte do rating dos Estados Unidos pela Fitch."", '""Tudo isso, lá fora, acontecendo no momento em que a Selic começa a ser cortada"", observa o analista, destacando, por outro lado, que os investidores devem manter atenção aos resultados trimestrais das empresas brasileiras, em busca de oportunidades em ações cujo desempenho possa ter ficado para trás no primeiro semestre.', 'Após a divulgação de resultados de nomes como Petrobras, Vale, Santander, Bradesco e, de segunda para esta terça, Itaú e Eletrobras, o mercado conhecerá amanhã os números trimestrais do BTG (BVMF:BPAC11), antes da abertura, e do Banco do Brasil (BVMF:BBAS3), depois do fechamento da B3. Com os números divulgados nesta terça, antes da abertura, Eletrobras ON (BVMF:ELET3) e PNB subiram, respectivamente, 1,96% e 0,90% nesta terça-feira.', '""A tendência para o Ibovespa ainda é positiva, mas não deve buscar de imediato o nível dos 123 mil pontos, com que chegou a flertar recentemente. O índice fez \'fundo ali pela região dos 116,5 mil pontos, no fim de junho e em meados de julho no intradia, um suporte importante que, caso venha a ser rompido, poderia levá-lo em direção aos 110 mil pontos"", acrescenta o analista.']"
18,https://br.investing.com/news/commodities-news/gasoduto-subida-da-serra-da-comgas-deve-aumentar-preco-do-transporte-em-ate-31-diz-fgv-1140945,"Gasoduto Subida da Serra, da Comgás, deve aumentar preço do transporte em até 31%, diz FGV",05.08.2023,13:09,"['A entrada em funcionamento do gasoduto Subida da Serra em São Paulo, como parte da malha de distribuição da Comgás (BVMF:CGAS5), deve acarretar aumentos entre 6% e 31,2% na tarifa de transporte de gás natural em vários pontos do País, sobretudo nas regiões Sudeste e Sul, estima o Centro de Estudos em Regulação e Infraestrutura (Ceri) da Fundação Getulio Vargas (FGV).', 'A tarifa de transporte de gás é apenas um dos elementos que compõem o custo do consumidor final. O aumento, portanto, pesa na conta de gás das famílias, mas em porcentuais menores aos apurados pelos técnicos da FGV para o serviço de transporte prestado a distribuidoras e indústrias por NTS, TBG e TAG a depender da região do País.', 'Encomendado pela Associação de Empresas de Transporte de Gás Natural por Gasoduto (ATGás), o estudo surge em meio à consulta pública da Agência Nacional de Petróleo, Gás Natural e Biocombustíveis (ANP) para reclassificar o Subida da Serra como estrutura de distribuição. O apontamento traz, pela primeira vez, números para uma discussão que se arrasta há anos e opõe transportadores e o grupo Cosan (BVMF:CSAN3), dono da Comgás.']"
19,https://br.investing.com/news/politics/camara-quer-ouvir-ministrosobre-politica-de-precos-da-petrobras-1139429,Câmara quer ouvir ministro sobre política de preços da Petrobras,02.08.2023,19:58,"['A Comissão de Minas e Energia da Câmara dos Deputados aprovou nesta quarta-feira (2) convite para o ministro de Minas e Energia, Alexandre Silveira explicar a nova política de preços dos combustíveis adotada pela Petrobras (BVMF:PETR4).\xa0', 'Inicialmente, o requerimento, apresentado pelos deputados Filipe Barros (PL-PR) e Danilo Forte (União-CE), propunha a convocação do ministro. Os integrantes da comissão acertaram em transformá-lo em convite, que deve ser atendido pelo ministro até o dia 23 de agosto.', 'Em maio, a Petrobras anunciou um novo modelo para definir os preços dos combustíveis, com o fim da política de Preço de Paridade Internacional (PPI) adotada pela empresa há mais de seis anos.', 'Na PPI, os preços da gasolina, diesel e gás de cozinha seguiam a tendência dos valores praticados no mercado internacional, tendo como referência o preço do barril de petróleo tipo brent, calculado em dólar.', 'No novo modelo, a Petrobras levará em conta outras referências para cálculo dos preços, como mercado interno, além do mercado internacional. A ideia, segundo a estatal, é mediar os interesses dos acionistas e o papel social da empresa defendido pelo governo, voltado para atender a expectativa do consumidor brasileiro por valores mais baixos.']"
20,https://br.investing.com/news/stock-market-news/exploracao-na-foz-do-amazonas-tentam-criar-crise-onde-nao-ha-diz-presidente-da-petrobras-1137552,"Exploração na Foz do Amazonas: 'Tentam criar crise onde não há', diz presidente da Petrobras",30.07.2023,14:50,"['O presidente da Petrobras (BVMF:PETR4), Jean Paul Prates, reafirmou neste domingo a intenção de a estatal explorar a bacia Foz do Amazonas, localizada na Margem Equatorial (BVMF:EQTL3) brasileira, rebatendo o que chamou de ""campanha de desestabilização da atual gestão da Petrobras"". Segundo ele, a atual administração estaria recebendo críticas por não estar sendo enfática o suficiente sobre o tema. A polêmica ocorre após cobranças públicas recentes do ministro de Minas e Energia, Alexandre Silveira, sobre a oferta de gás natural pela petroleira ao mercado brasileiro.', '""Como em outros assuntos, tentam criar crises onde não há. O projeto vem sendo enfática e diligentemente defendido nos devidos fóruns e instâncias. E perante a opinião pública também nos posicionamos muito claramente desde abril"", disse Prates nas redes sociais, referindo-se a outras críticas que vem sendo feitas à atual gestão.', 'O ministro de Minas e Energia, Alexandre Silveira, já cobrou publicamente a Petrobras para que deixasse de injetar gás natural nos seus poços, ação que visa aumentar a produção de petróleo, para permitir o aumento da oferta de gás natural no mercado. Já o presidente Luiz Inácio Lula da Silva tem pressionado o presidente da Petrobrás para que o gás sirva aos seus planos de reindustrialização do País. Prates tem afirmado que não há gás suficiente no Brasil para atender todos os setores com gás natural e defende a postura técnica da estatal, que desenvolve há anos técnicas de melhor aproveitamento do gás natural, como a reinjeção nos poços para aumentar a produção de petróleo e a sua premiada técnica de reinjeção de CO2 para descarbonizar a produção da empresa.', 'Na declaração deste domingo, Prates destaca que a condução de um pedido de licenciamento socioambiental relativo ""a um projeto sensível e relevante"", como a perfuração de um poço pioneiro em nova fronteira exploratória como a Foz, requer muita responsabilidade e, sobretudo, respeito aos órgãos ambientais envolvidos (federal e estaduais), às comunidades e aos governos locais.', '""A campanha exploratória proposta pela Petrobras para a Margem Equatorial começa por um conjunto de poços investigativos em fila. Uma mesma sonda deverá perfurá-los à medida que cada licenciamento for sendo concluído"", informou.']"
21,https://br.investing.com/news/stock-market-news/ibovespa-piora-com-ny-e-tem-maior-perda-diaria-desde-maio-1136815,Ibovespa piora com NY e tem maior perda diária desde maio,27.07.2023,14:46,"['Vindo de cinco altas seguidas - progressão que o alçou dos 117,5 mil no fechamento de 19 de julho para os 123 mil pontos no melhor momento intradia do intervalo, anteontem -, o Ibovespa realizou lucros nesta antepenúltima sessão do mês, em que acumula leve ganho de 1,61% após ter ficado lateralizado, com dificuldade para vencer a região de resistência dos 120 mil pontos, em boa parte de julho.', 'Hoje, o índice de referência da B3 (BVMF:B3SA3) conseguia conter as perdas e segurar a linha dos 121 mil pontos, mas a virada de Nova York, do positivo ao negativo no meio da tarde, contribuiu para que se acentuasse o movimento de correção na B3, levando o Ibovespa a retroceder primeiro à faixa dos 120 mil, e depois à de 119 mil pontos pouco antes do fechamento desta quinta-feira. A mudança de tom em NY, atingindo quase todos os setores, veio após reunião do Federal Reserve para discutir possível elevação dos níveis de exigência de capital de instituições financeiras.', 'Muito pressionado, o Ibovespa encerrou o dia em queda de 2,10%, aos 119.989,64 pontos, ainda perto da mínima de 119.824,52, do fim da tarde, com máxima na sessão a 122.598,97 pontos, saindo de abertura aos 122.560,38 pontos. O giro ficou em R$ 22,9 bilhões nesta quinta-feira. Na semana, o Ibovespa zera ganho e cede agora 0,19%, mas ainda avança 9,35% no ano. A queda de 2,10% foi a pior para o índice desde 2 de maio (-2,40%) e, com a correção de hoje, foi ao menor nível de fechamento desde a última quinta-feira, 20, então aos 118.082,90 pontos.', 'Passado o ponto alto da agenda semanal - a deliberação sobre juros e os sinais de ontem, emitidos pelo Federal Reserve, sobre a orientação da política monetária nos Estados Unidos -, os investidores se debruçaram nesta quinta-feira sobre números e o noticiário corporativos, à medida que o noticiário macro vai perdendo intensidade em direção ao fim da semana.', 'Dessa forma, desconectado do avanço de mais de 1% para os preços do petróleo na sessão, o desempenho negativo nesta quinta-feira foi puxado pelas ações de Petrobras (BVMF:PETR4), em queda de 5,63% (ON) e de 5,19% (PN) no fechamento, segurando a ponta perdedora do Ibovespa, pouco atrás de Gol (BVMF:GOLL4) (-5,83%) - apesar do balanço trimestral da companhia aérea, em que saiu de prejuízo para lucro líquido de R$ 556,3 milhões entre abril e junho. Por sua vez, na noite anterior, a Petrobras divulgou dados de produção referentes ao segundo trimestre.', 'Em relatório nesta quinta-feira, o Itaú BBA avalia que a estatal deve entregar fortes resultados no segundo trimestre, sustentada por sólidos números operacionais e um ambiente de preços que se mantém elevado para o petróleo e derivados. Mas um fator de preocupação e incerteza, segundo o banco, é a nova política de dividendos - a instituição manteve recomendação neutra para a empresa.', 'A produção da Petrobras no segundo trimestre do ano ficou em linha com a previsão do analista Ilan Arbetman, da Ativa Investimentos, que projeta leve queda para o segmento de Exploração e Produção (E&P) da estatal no resultado financeiro referente ao período, que será apresentado no próximo dia 3. Além da ligeira queda da produção de petróleo de abril a junho, o analista cita menores preços do petróleo na comparação dos trimestres e um real mais forte.']"
22,https://br.investing.com/news/stock-market-news/com-vale-e-petrobras-ibovespa-sobe-quase-1-no-maior-nivel-desde-abril22-1134952,"Com Vale e Petrobras, Ibovespa sobe quase 1%, no maior nível desde abril/22",24.07.2023,14:53,"['Ao longo da tarde, o Ibovespa devolveu parte da intensidade que o havia alçado, mais cedo, ao maior nível intradia em quase dois anos, com a expectativa por estímulos econômicos na China impulsionando em particular a Vale (BVMF:VALE3) (ON +3,02%), em dia negativo para as ações de grandes bancos, como Bradesco (BVMF:BBDC4) (ON -1,72%, PN -2,70%) e BB (BVMF:BBAS3) (ON -1,96%). Ao fim, a referência da B3 (BVMF:B3SA3) ainda mostrava ganho superior ao dos índices de Nova York na sessão, mas contido a 0,94%, aos 121.341,69 pontos, com giro financeiro a R$ 24,5 bilhões nesta segunda-feira.', 'Da mínima à máxima do dia, o Ibovespa foi dos 120.099,34 aos 121.771,71 (+1,29%), saindo de abertura aos 120.219,62 pontos. No melhor momento, atingiu hoje o maior nível intradia desde 12 de agosto de 2021, então aos 122.095,40 pontos. No mês, o índice da B3 acumula ganho de 2,76%, elevando o do ano a 10,58%. Foi o terceiro ganho consecutivo para o Ibovespa, em sua melhor sequência desde os sete avanços diários entre 1º e 12 de junho, há cerca de um mês e meio. O de hoje foi também o melhor nível de fechamento para o Ibovespa desde 1º de abril de 2022, então aos 121.570,15 pontos.', '""As duas ações de maior peso no índice - Petrobras (BVMF:PETR4) e Vale - impulsionaram hoje o Ibovespa em meio à expectativa pela concessão de estímulos à economia chinesa, grande consumidora de commodities. Na China, os dados econômicos têm vindo bem ruins, o que alimenta essa expectativa por estímulos, de que serão realmente necessários"", diz Gabriel Mota, operador de renda variável da Manchester Investimentos. No fechamento, Petrobras ON (BVMF:PETR3) e PN subiam, respectivamente, 2,07% e 2,09%, em linha com o avanço dos preços do Brent e WTI na sessão.', 'Na ponta do Ibovespa, e com alto volume de negócios na ação, destaque nesta segunda-feira para Weg (BVMF:WEGE3) (+7,21%), à frente de Eneva (BVMF:ENEV3) (+4,38%), Embraer (BVMF:EMBR3) (+4,37%) e 3R Petroleum (BVMF:RRRP3) (+4,11%). No lado oposto, IRB (BVMF:IRBR3) (-14,40%), Minerva (BVMF:BEEF3) (-4,38%) e Marfrig (BVMF:MRFG3) (-3,88%).', 'Na ponta ganhadora da sessão, o papel da Weg tem avançado desde que a empresa divulgou balanço na última semana, e ganhou impulso extra nesta segunda-feira com investidores animados por possível fornecimento para a Space X. O Broadcast apurou, no entanto, que a Weg não tem a empresa do bilionário Elon Musk como cliente, mas sim outra companhia que, por sua vez, atende a Space X. Procurada, a Weg preferiu não comentar o assunto.', 'No meio da tarde, contudo, o Ibovespa como um todo desacelerou, com piora concentrada no setor financeiro, de grande peso no índice. Hoje, o ministro da Fazenda, Fernando Haddad, confirmou que o governo estuda acabar com os juros sobre capital próprio (JCP) no ano que vem. Com isso, a tendência é que menos recursos sejam destinados aos acionistas. ""Impacta não só os bancos, mas também várias empresas do varejo"", diz Bruno Takeo, analista da Ouro Preto Investimentos.', 'A agenda da semana começa a ganhar dinamismo na manhã desta terça-feira, 25, com a divulgação do IPCA-15, prévIa da inflação oficial de julho, aponta Vanessa Naissinger, especialista da Rico Investimentos. ""Se tiver um IPCA-15 bem abaixo do esperado, pode ser que o mercado volte a apostar em um corte maior da Selic na reunião da semana que vem, de meio ponto porcentual. Por enquanto, a expectativa majoritária segue em 0,25 ponto"", diz Mota, da Manchester.', 'Além disso, ""a temporada de resultados segue agitada: aqui no Brasil, teremos nesta semana a divulgação de balanços de Vale, Santander (BVMF:SANB11), Carrefour (BVMF:CRFB3), entre outras; e nos Estados Unidos, as big techs Alphabet (NASDAQ:GOOGL), Meta e Microsoft (NASDAQ:MSFT)"", diz Vanessa, da Rico.']"
23,https://br.investing.com/news/commodities-news/gasolina-etanol-e-diesel-recuam-nos-postos-do-brasil-na-semana-aponta-anp-1134372,"Gasolina, etanol e diesel recuam nos postos do Brasil na semana, aponta ANP",21.07.2023,19:35,"['Por Marta Nogueira', 'RIO DE JANEIRO (Reuters) - Os preços médios de gasolina, etanol e diesel recuaram nos postos do Brasil nesta semana, ante a semana anterior, apontaram dados publicados pela Agência Nacional do Petróleo, Gás Natural e Biocombustíveis (ANP) nesta sexta-feira.', 'A gasolina encerrou a semana com queda de 0,71% a 5,59 reais o litro, ante 5,63 na semana passada.', 'Foi o segundo recuo semanal consecutivo da gasolina, de acordo com a ANP. Na semana passada, o combustível fóssil caiu 0,7% nas bombas, após um salto de 5,8% na semana anterior.', 'No início do mês, a Petrobras (BVMF:PETR4) cortou em 5,3% os preços médios da gasolina vendida em suas refinarias, ao mesmo tempo em que houve no país uma reoneração de tributos federais nos combustíveis do país.', '', 'Já o etanol hidratado, concorrente direto do combustível fóssil nas bombas, foi comercializado a 3,77 reais o litro nesta semana, queda de 2,58% versus 3,87 reais na semana anterior.', 'O diesel S10, tipo mais comercializado do país, encerrou a semana a 4,99 reais o litro, queda de 0,4% ante 5,01 reais na semana anterior.', 'O diesel comum, por sua vez, foi comercializado a 4,94 reais o litro nesta semana, estável ante a semana passada, apontou a ANP.']"
24,https://br.investing.com/news/stock-market-news/entrada-de-diesel-russo-a-precos-baixos-no-brasil-e-circunstancial-diz-ceo-da-petrobras-1132912,"Entrada de diesel russo a preços baixos no Brasil é circunstancial, diz CEO da Petrobras",18.07.2023,15:16,"['Por Marta Nogueira e Rodrigo Viga Gaier', 'RIO DE JANEIRO (Reuters) - A entrada de diesel russo no Brasil com preços baixos é circunstancial e a gestão da Petrobras (BVMF:PETR4) segue com a estratégia de elevar o emprego de suas refinarias ao máximo para atender o crescente consumo, disse à Reuters o presidente da petroleira, Jean Paul Prates.', 'A importação de diesel pelo Brasil voltou a crescer em junho na comparação anual, com impulso de chegadas do produto mais barato da Rússia, que atingiu um recorde de participação de 64,1% do total descarregado no mês passado nos portos brasileiros, segundo dados da agência Argus, publicados pela Reuters.', '""O diesel russo está entrando aqui, compra quem quiser, se está barato, bom para o Brasil também"", disse Prates, em entrevista à Reuters concedida na segunda-feira.', '""Diesel russo é circunstancial, a gente não pode desaquecer nossas máquinas. Eu acho que o valor desse preço abaixo... não se sustenta tanto tempo.""', 'Em junho, o Brasil aumentou em 12,5% a importação total de diesel, para 1,08 bilhão de litros, segundo dados de analistas e do governo brasileiro, após terem recuado na comparação anual em abril e maio.', 'Já a participação russa no total importado havia caído em maio para 47,6%, após atingir 56,4% em abril, segundo a Argus.', 'O produto da Rússia tem sido ofertado com desconto em relação a outras origens, conforme Moscou se mobiliza para garantir uma maior diversificação de compradores diante de sanções dos países do G7 aos derivados produzidos no país por conta da guerra da Ucrânia.', 'Ainda nesse cenário, Prates destacou que a Petrobras está colhendo resultados positivos do uso máximo de suas refinarias.', 'A petroleira elevou o fator de utilização total de suas refinarias no segundo trimestre deste ano para 93%, o maior nível desde 2015, registrando em junho recorde mensal em quase dez anos na produção de gasolina e máxima histórica no diesel, segundo informações publicadas anteriormente pela empresa.', '""A gente tem que utilizar nossas refinarias ao máximo, isso que a gente tinha se comprometido a fazer. Não faz sentido deixar refinaria à metade da capacidade para dar espaço para concorrente"", disse o CEO.', '""Estamos vendendo a um preço que o mercado está vendo bem, não é um preço subsidiado de forma alguma, é um preço de mercado brasileiro e nós conseguimos abrasileirar os preços. Isso é bom para o Brasil e para a Petrobras.""', 'O aumento da produção da Petrobras vem em momento em que a demanda por combustíveis está em alta no Brasil, sobretudo por gasolina, cuja comercialização por distribuidoras disparou 16,3% entre janeiro e maio, diante de preços mais atrativos ante o etanol hidratado nas bombas.', 'Já o consumo de óleo diesel, o combustível mais consumido no Brasil, aumentou 1,4% no acumulado dos cinco primeiros meses do ano, segundo os dados mais recentes da reguladora ANP.', '""Nossa estratégia comercial é ser o melhor fornecedor em cada ponto do Brasil. Onde a gente não for, outro entra. A gente quer brigar para ser a melhor opção para o consumidor e comprador e estamos sendo.""', 'A Petrobras publicou em maio uma nova estratégia comercial, deixando de seguir o preço de paridade de importação de combustíveis, em linha com o prometido pelo presidente Luiz Inácio Lula da Silva nas eleições. Com isso, Prates tem dito que a empresa passou a praticar valores que são os mais favoráveis para ela e para seus clientes, ao mesmo tempo que evita volatilidades externas aos consumidores, sem se desgarrar da referência do mercado global.', 'CONCORRÊNCIA', 'O CEO da Petrobras rebateu ainda acusações de que estaria vendendo petróleo para a Refinaria de Mataripe, na Bahia, privatizada pelo governo passado, acima do valor que vende para as próprias unidades.', 'Mataripe foi comprada pela Acelen, do fundo Mubadala Capital.', '""Cada um administra seu negócio, não posso falar pela Acelen. O petróleo não é vendido mais caro, é vendido pelo que o petróleo vale"", disse Prates, ao declarar que a concorrente não pôde comprovar que o preço da Petrobras estaria excessivo.', 'O CEO afirmou ainda que Mataripe pode estar enfrentando desafios por ser uma refinaria isolada.', '', '""Por isso todas empresas de petróleo que nascem sonham em ser integradas... O governo passado disse que isso não era verdade, vendeu uma refinaria isolada e agora ele tem que se virar sendo uma refinaria isolada. Tem que comprar petróleo que ele não tem"", afirmou.', 'Procurada, a Acelen afirmou que já enviou ao órgão antitruste Cade as evidências para a instrução da investigação e que confia em um desfecho rápido e tecnicamente adequado para o caso.', '""O Brasil precisa assegurar um mercado de refino em condições justas e competitivas, o que passa necessariamente pelo acesso isonômico ao petróleo"", disse a Acelen em nota.']"
